frame,t,AMR_01_x,AMR_01_y,AMR_01_v,AMR_01_stopped,AMR_01_waiting,AMR_01_status,AMR_02_x,AMR_02_y,AMR_02_v,AMR_02_stopped,AMR_02_waiting,AMR_02_status,AMR_03_x,AMR_03_y,AMR_03_v,AMR_03_stopped,AMR_03_waiting,AMR_03_status,AMR_04_x,AMR_04_y,AMR_04_v,AMR_04_stopped,AMR_04_waiting,AMR_04_status,AMR_05_x,AMR_05_y,AMR_05_v,AMR_05_stopped,AMR_05_waiting,AMR_05_status,AMR_06_x,AMR_06_y,AMR_06_v,AMR_06_stopped,AMR_06_waiting,AMR_06_status
0,0.0167,-2.9875,-4.5,0.75,0,,MOVING,4.5,-9.9875,0.75,0,,MOVING,18.5,-4.5,0.0,0,,MOVING,-10.0,14.5,0.0,0,,MOVING,25.5,-24.0,0.0,0,,MOVING,-30.0,-24.0,0.0,0,,MOVING
1,0.0333,-2.9753,-4.5,0.7312,0,,MOVING,4.5,-9.9753,0.7313,0,,MOVING,18.5,-4.5,0.0,0,,MOVING,-10.0,14.5,0.0,0,,MOVING,25.5,-24.0,0.0,0,,MOVING,-30.0,-24.0,0.0,0,,MOVING
2,0.05,-2.9634,-4.5,0.713,0,,MOVING,4.5,-9.9634,0.713,0,,MOVING,18.5,-4.5,0.0,0,,MOVING,-10.0,14.5,0.0,0,,MOVING,25.5,-24.0,0.0,0,,MOVING,-30.0,-24.0,0.0,0,,MOVING
3,0.0667,-2.9518,-4.5,0.6951,0,,MOVING,4.5,-9.9518,0.6951,0,,MOVING,18.5,-4.5,0.0,0,,MOVING,-10.0,14.5,0.0,0,,MOVING,25.5,-24.0,0.0,0,,MOVING,-30.0,-24.0,0.0,0,,MOVING
4,0.0833,-2.9405,-4.5,0.6778,0,,MOVING,4.5,-9.9405,0.6778,0,,MOVING,18.5,-4.5,0.0,0,,MOVING,-10.0,14.5,0.0,0,,MOVING,25.5,-24.0,0.0,0,,MOVING,-30.0,-24.0,0.0,0,,MOVING
5,0.1,-2.9295,-4.5,0.6608,0,,MOVING,4.5,-9.9295,0.6608,0,,MOVING,18.5,-4.5,0.0,0,,MOVING,-10.0,14.5,0.0,0,,MOVING,25.5,-24.0,0.0,0,,MOVING,-30.0,-24.0,0.0,0,,MOVING
6,0.1167,-2.9188,-4.5,0.6443,0,,MOVING,4.5,-9.9188,0.6443,0,,MOVING,18.5,-4.5,0.0,0,,MOVING,-10.0,14.5,0.0,0,,MOVING,25.5,-24.0,0.0,0,,MOVING,-30.0,-24.0,0.0,0,,MOVING
7,0.1333,-2.9083,-4.5,0.6282,0,,MOVING,4.5,-9.9083,0.6282,0,,MOVING,18.5,-4.5,0.0,0,,MOVING,-10.0,14.5,0.0,0,,MOVING,25.5,-24.0,0.0,0,,MOVING,-30.0,-24.0,0.0,0,,MOVING
8,0.15,-2.8981,-4.5,0.6125,0,,MOVING,4.5,-9.8981,0.6125,0,,MOVING,18.5,-4.5,0.0,0,,MOVING,-10.0,14.5,0.0,0,,MOVING,25.5,-24.0,0.0,0,,MOVING,-30.0,-24.0,0.0,0,,MOVING
9,0.1667,-2.8882,-4.5,0.5972,0,,MOVING,4.5,-9.8882,0.5972,0,,MOVING,18.5,-4.5,0.0,0,,MOVING,-10.0,14.5,0.0,0,,MOVING,25.5,-24.0,0.0,0,,MOVING,-30.0,-24.0,0.0,0,,MOVING
10,0.1833,-2.8785,-4.5,0.5822,0,,MOVING,4.5,-9.8785,0.5822,0,,MOVING,18.5,-4.5,0.0,0,,MOVING,-10.0,14.5,0.0,0,,MOVING,25.5,-24.0,0.0,0,,MOVING,-30.0,-24.0,0.0,0,,MOVING
11,0.2,-2.869,-4.5,0.5677,0,,MOVING,4.5,-9.869,0.5677,0,,MOVING,18.5,-4.5,0.0,0,,MOVING,-10.0,14.5,0.0,0,,MOVING,25.5,-24.0,0.0,0,,MOVING,-30.0,-24.0,0.0,0,,MOVING
12,0.2167,-2.8598,-4.5,0.5535,0,,MOVING,4.5,-9.8598,0.5535,0,,MOVING,18.5,-4.5,0.0,0,,MOVING,-10.0,14.5,0.0,0,,MOVING,25.5,-24.0,0.0,0,,MOVING,-30.0,-24.0,0.0,0,,MOVING
13,0.2333,-2.8508,-4.5,0.5397,0,,MOVING,4.5,-9.8508,0.5397,0,,MOVING,18.5,-4.5,0.0,0,,MOVING,-10.0,14.5,0.0,0,,MOVING,25.5,-24.0,0.0,0,,MOVING,-30.0,-24.0,0.0,0,,MOVING
14,0.25,-2.842,-4.5,0.5262,0,,MOVING,4.5,-9.842,0.5262,0,,MOVING,18.5,-4.5,0.0,0,,MOVING,-10.0,14.5,0.0,0,,MOVING,25.5,-24.0,0.0,0,,MOVING,-30.0,-24.0,0.0,0,,MOVING
15,0.2667,-2.821,-4.5,1.263,0,,MOVING,4.5,-9.821,1.263,0,,MOVING,18.5,-4.5,0.0,0,,MOVING,-10.0,14.5,0.0,0,,MOVING,25.5,-24.0,0.0,0,,MOVING,-30.0,-24.0,0.0,0,,MOVING
16,0.2833,-2.8004,-4.5,1.2314,0,,MOVING,4.5,-9.8004,1.2314,0,,MOVING,18.5,-4.5,0.0,0,,MOVING,-10.0,14.5,0.0,0,,MOVING,25.5,-24.0,0.0,0,,MOVING,-30.0,-24.0,0.0,0,,MOVING
17,0.3,-2.7804,-4.5,1.2007,0,,MOVING,4.5,-9.7804,1.2007,0,,MOVING,18.5,-4.5,0.0,0,,MOVING,-10.0,14.5,0.0,0,,MOVING,25.5,-24.0,0.0,0,,MOVING,-30.0,-24.0,0.0,0,,MOVING
18,0.3167,-2.7609,-4.5,1.1706,0,,MOVING,4.5,-9.7609,1.1706,0,,MOVING,18.5,-4.5,0.0,0,,MOVING,-10.0,14.5,0.0,0,,MOVING,25.5,-24.0,0.0,0,,MOVING,-30.0,-24.0,0.0,0,,MOVING
19,0.3333,-2.7419,-4.5,1.1414,0,,MOVING,4.5,-9.7419,1.1414,0,,MOVING,18.5,-4.5,0.0,0,,MOVING,-10.0,14.5,0.0,0,,MOVING,25.5,-24.0,0.0,0,,MOVING,-30.0,-24.0,0.0,0,,MOVING
20,0.35,-2.7233,-4.5,1.1128,0,,MOVING,4.5,-9.7233,1.1128,0,,MOVING,18.5,-4.5,0.0,0,,MOVING,-10.0,14.5,0.0,0,,MOVING,25.5,-24.0,0.0,0,,MOVING,-30.0,-24.0,0.0,0,,MOVING
21,0.3667,-2.7053,-4.5,1.085,0,,MOVING,4.5,-9.7053,1.085,0,,MOVING,18.5,-4.5,0.0,0,,MOVING,-10.0,14.5,0.0,0,,MOVING,25.5,-24.0,0.0,0,,MOVING,-30.0,-24.0,0.0,0,,MOVING
22,0.3833,-2.6876,-4.5,1.0579,0,,MOVING,4.5,-9.6876,1.0579,0,,MOVING,18.5,-4.5,0.0,0,,MOVING,-10.0,14.5,0.0,0,,MOVING,25.5,-24.0,0.0,0,,MOVING,-30.0,-24.0,0.0,0,,MOVING
23,0.4,-2.6704,-4.5,1.0314,0,,MOVING,4.5,-9.6704,1.0314,0,,MOVING,18.5,-4.5,0.0,0,,MOVING,-10.0,14.5,0.0,0,,MOVING,25.5,-24.0,0.0,0,,MOVING,-30.0,-24.0,0.0,0,,MOVING
24,0.4167,-2.6537,-4.5,1.0057,0,,MOVING,4.5,-9.6537,1.0057,0,,MOVING,18.5,-4.5,0.0,0,,MOVING,-10.0,14.5,0.0,0,,MOVING,25.5,-24.0,0.0,0,,MOVING,-30.0,-24.0,0.0,0,,MOVING
25,0.4333,-2.6373,-4.5,0.9805,0,,MOVING,4.5,-9.6373,0.9805,0,,MOVING,18.5,-4.5,0.0,0,,MOVING,-10.0,14.5,0.0,0,,MOVING,25.5,-24.0,0.0,0,,MOVING,-30.0,-24.0,0.0,0,,MOVING
26,0.45,-2.6214,-4.5,0.956,0,,MOVING,4.5,-9.6214,0.956,0,,MOVING,18.5,-4.5,0.0,0,,MOVING,-10.0,14.5,0.0,0,,MOVING,25.5,-24.0,0.0,0,,MOVING,-30.0,-24.0,0.0,0,,MOVING
27,0.4667,-2.6059,-4.5,0.9321,0,,MOVING,4.5,-9.6059,0.9321,0,,MOVING,18.5,-4.5,0.0,0,,MOVING,-10.0,14.5,0.0,0,,MOVING,25.5,-24.0,0.0,0,,MOVING,-30.0,-24.0,0.0,0,,MOVING
28,0.4833,-2.5907,-4.5,0.9088,0,,MOVING,4.5,-9.5907,0.9088,0,,MOVING,18.5,-4.5,0.0,0,,MOVING,-10.0,14.5,0.0,0,,MOVING,25.5,-24.0,0.0,0,,MOVING,-30.0,-24.0,0.0,0,,MOVING
29,0.5,-2.576,-4.5,0.8861,0,,MOVING,4.5,-9.576,0.8861,0,,MOVING,18.5,-4.5,0.0,0,,MOVING,-10.0,14.5,0.0,0,,MOVING,25.5,-24.0,0.0,0,,MOVING,-30.0,-24.0,0.0,0,,MOVING
30,0.5167,-2.5616,-4.5,0.8639,0,,MOVING,4.5,-9.5616,0.8639,0,,MOVING,18.5,-4.5,0.0,0,,MOVING,-10.0,14.5,0.0,0,,MOVING,25.5,-24.0,0.0,0,,MOVING,-30.0,-24.0,0.0,0,,MOVING
31,0.5333,-2.5475,-4.5,0.8423,0,,MOVING,4.5,-9.5475,0.8423,0,,MOVING,18.5,-4.5,0.0,0,,MOVING,-10.0,14.5,0.0,0,,MOVING,25.5,-24.0,0.0,0,,MOVING,-30.0,-24.0,0.0,0,,MOVING
32,0.55,-2.5338,-4.5,0.8213,0,,MOVING,4.5,-9.5338,0.8213,0,,MOVING,18.5,-4.5,0.0,0,,MOVING,-10.0,14.5,0.0,0,,MOVING,25.5,-24.0,0.0,0,,MOVING,-30.0,-24.0,0.0,0,,MOVING
33,0.5667,-2.5205,-4.5,0.8007,0,,MOVING,4.5,-9.5205,0.8007,0,,MOVING,18.5,-4.5,0.0,0,,MOVING,-10.0,14.5,0.0,0,,MOVING,25.5,-24.0,0.0,0,,MOVING,-30.0,-24.0,0.0,0,,MOVING
34,0.5833,-2.5075,-4.5,0.7807,0,,MOVING,4.5,-9.5075,0.7807,0,,MOVING,18.5,-4.5,0.0,0,,MOVING,-10.0,14.5,0.0,0,,MOVING,25.5,-24.0,0.0,0,,MOVING,-30.0,-24.0,0.0,0,,MOVING
35,0.6,-2.4948,-4.5,0.7612,0,,MOVING,4.5,-9.4948,0.7612,0,,MOVING,18.5,-4.5,0.0,0,,MOVING,-10.0,14.5,0.0,0,,MOVING,25.5,-24.0,0.0,0,,MOVING,-30.0,-24.0,0.0,0,,MOVING
36,0.6167,-2.4824,-4.5,0.7422,0,,MOVING,4.5,-9.4824,0.7422,0,,MOVING,18.5,-4.5,0.0,0,,MOVING,-10.0,14.5,0.0,0,,MOVING,25.5,-24.0,0.0,0,,MOVING,-30.0,-24.0,0.0,0,,MOVING
37,0.6333,-2.4704,-4.5,0.7236,0,,MOVING,4.5,-9.4704,0.7236,0,,MOVING,18.5,-4.5,0.0,0,,MOVING,-10.0,14.5,0.0,0,,MOVING,25.5,-24.0,0.0,0,,MOVING,-30.0,-24.0,0.0,0,,MOVING
38,0.65,-2.4586,-4.5,0.7055,0,,MOVING,4.5,-9.4586,0.7055,0,,MOVING,18.5,-4.5,0.0,0,,MOVING,-10.0,14.5,0.0,0,,MOVING,25.5,-24.0,0.0,0,,MOVING,-30.0,-24.0,0.0,0,,MOVING
39,0.6667,-2.4471,-4.5,0.6879,0,,MOVING,4.5,-9.4471,0.6879,0,,MOVING,18.5,-4.5,0.0,0,,MOVING,-10.0,14.5,0.0,0,,MOVING,25.5,-24.0,0.0,0,,MOVING,-30.0,-24.0,0.0,0,,MOVING
40,0.6833,-2.436,-4.5,0.6707,0,,MOVING,4.5,-9.436,0.6707,0,,MOVING,18.5,-4.5,0.0,0,,MOVING,-10.0,14.5,0.0,0,,MOVING,25.5,-24.0,0.0,0,,MOVING,-30.0,-24.0,0.0,0,,MOVING
41,0.7,-2.4251,-4.5,0.6539,0,,MOVING,4.5,-9.4251,0.6539,0,,MOVING,18.5,-4.5,0.0,0,,MOVING,-10.0,14.5,0.0,0,,MOVING,25.5,-24.0,0.0,0,,MOVING,-30.0,-24.0,0.0,0,,MOVING
42,0.7167,-2.4144,-4.5,0.6376,0,,MOVING,4.5,-9.4144,0.6376,0,,MOVING,18.5,-4.5,0.0,0,,MOVING,-10.0,14.5,0.0,0,,MOVING,25.5,-24.0,0.0,0,,MOVING,-30.0,-24.0,0.0,0,,MOVING
43,0.7333,-2.4041,-4.5,0.6216,0,,MOVING,4.5,-9.4041,0.6216,0,,MOVING,18.5,-4.5,0.0,0,,MOVING,-10.0,14.5,0.0,0,,MOVING,25.5,-24.0,0.0,0,,MOVING,-30.0,-24.0,0.0,0,,MOVING
44,0.75,-2.394,-4.5,0.6061,0,,MOVING,4.5,-9.394,0.6061,0,,MOVING,18.5,-4.5,0.0,0,,MOVING,-10.0,14.5,0.0,0,,MOVING,25.5,-24.0,0.0,0,,MOVING,-30.0,-24.0,0.0,0,,MOVING
45,0.7667,-2.3841,-4.5,0.5909,0,,MOVING,4.5,-9.3841,0.5909,0,,MOVING,18.5,-4.5,0.0,0,,MOVING,-10.0,14.5,0.0,0,,MOVING,25.5,-24.0,0.0,0,,MOVING,-30.0,-24.0,0.0,0,,MOVING
46,0.7833,-2.3745,-4.5,0.5762,0,,MOVING,4.5,-9.3745,0.5762,0,,MOVING,18.5,-4.5,0.0,0,,MOVING,-10.0,14.5,0.0,0,,MOVING,25.5,-24.0,0.0,0,,MOVING,-30.0,-24.0,0.0,0,,MOVING
47,0.8,-2.3651,-4.5,0.5618,0,,MOVING,4.5,-9.3651,0.5618,0,,MOVING,18.5,-4.5,0.0,0,,MOVING,-10.0,14.5,0.0,0,,MOVING,25.5,-24.0,0.0,0,,MOVING,-30.0,-24.0,0.0,0,,MOVING
48,0.8167,-2.356,-4.5,0.5477,0,,MOVING,4.5,-9.356,0.5477,0,,MOVING,18.5,-4.5,0.0,0,,MOVING,-10.0,14.5,0.0,0,,MOVING,25.5,-24.0,0.0,0,,MOVING,-30.0,-24.0,0.0,0,,MOVING
49,0.8333,-2.3471,-4.5,0.534,0,,MOVING,4.5,-9.3471,0.534,0,,MOVING,18.5,-4.5,0.0,0,,MOVING,-10.0,14.5,0.0,0,,MOVING,25.5,-24.0,0.0,0,,MOVING,-30.0,-24.0,0.0,0,,MOVING
50,0.85,-2.3259,-4.5,1.2707,0,,MOVING,4.5,-9.3259,1.2707,0,,MOVING,18.5,-4.5,0.0,0,,MOVING,-10.0,14.5,0.0,0,,MOVING,25.5,-24.0,0.0,0,,MOVING,-30.0,-24.0,0.0,0,,MOVING
51,0.8667,-2.3053,-4.5,1.2389,0,,MOVING,4.5,-9.3053,1.2389,0,,MOVING,18.5,-4.5,0.0,0,,MOVING,-10.0,14.5,0.0,0,,MOVING,25.5,-24.0,0.0,0,,MOVING,-30.0,-24.0,0.0,0,,MOVING
52,0.8833,-2.2852,-4.5,1.2079,0,,MOVING,4.5,-9.2852,1.2079,0,,MOVING,18.5,-4.5,0.0,0,,MOVING,-10.0,14.5,0.0,0,,MOVING,25.5,-24.0,0.0,0,,MOVING,-30.0,-24.0,0.0,0,,MOVING
53,0.9,-2.2655,-4.5,1.1777,0,,MOVING,4.5,-9.2655,1.1777,0,,MOVING,18.5,-4.5,0.0,0,,MOVING,-10.0,14.5,0.0,0,,MOVING,25.5,-24.0,0.0,0,,MOVING,-30.0,-24.0,0.0,0,,MOVING
54,0.9167,-2.2464,-4.5,1.1483,0,,MOVING,4.5,-9.2464,1.1483,0,,MOVING,18.5,-4.5,0.0,0,,MOVING,-10.0,14.5,0.0,0,,MOVING,25.5,-24.0,0.0,0,,MOVING,-30.0,-24.0,0.0,0,,MOVING
55,0.9333,-2.2277,-4.5,1.1196,0,,MOVING,4.5,-9.2277,1.1196,0,,MOVING,18.5,-4.5,0.0,0,,MOVING,-10.0,14.5,0.0,0,,MOVING,25.5,-24.0,0.0,0,,MOVING,-30.0,-24.0,0.0,0,,MOVING
56,0.95,-2.2095,-4.5,1.0916,0,,MOVING,4.5,-9.2095,1.0916,0,,MOVING,18.5,-4.5,0.0,0,,MOVING,-10.0,14.5,0.0,0,,MOVING,25.5,-24.0,0.0,0,,MOVING,-30.0,-24.0,0.0,0,,MOVING
57,0.9667,-2.1918,-4.5,1.0643,0,,MOVING,4.5,-9.1918,1.0643,0,,MOVING,18.5,-4.5,0.0,0,,MOVING,-10.0,14.5,0.0,0,,MOVING,25.5,-24.0,0.0,0,,MOVING,-30.0,-24.0,0.0,0,,MOVING
58,0.9833,-2.1745,-4.5,1.0377,0,,MOVING,4.5,-9.1745,1.0377,0,,MOVING,18.5,-4.5,0.0,0,,MOVING,-10.0,14.5,0.0,0,,MOVING,25.5,-24.0,0.0,0,,MOVING,-30.0,-24.0,0.0,0,,MOVING
59,1.0,-2.1576,-4.5,1.0118,0,,MOVING,4.5,-9.1576,1.0118,0,,MOVING,18.5,-4.5,0.0,0,,MOVING,-10.0,14.5,0.0,0,,MOVING,25.5,-24.0,0.0,0,,MOVING,-30.0,-24.0,0.0,0,,MOVING
60,1.0167,-2.1412,-4.5,0.9865,0,,MOVING,4.5,-9.1412,0.9865,0,,MOVING,18.5,-4.5,0.0,0,,MOVING,-10.0,14.5,0.0,0,,MOVING,25.5,-24.0,0.0,0,,MOVING,-30.0,-24.0,0.0,0,,MOVING
61,1.0333,-2.1252,-4.5,0.9618,0,,MOVING,4.5,-9.1252,0.9618,0,,MOVING,18.5,-4.5,0.0,0,,MOVING,-10.0,14.5,0.0,0,,MOVING,25.5,-24.0,0.0,0,,MOVING,-30.0,-24.0,0.0,0,,MOVING
62,1.05,-2.1095,-4.5,0.9378,0,,MOVING,4.5,-9.1095,0.9378,0,,MOVING,18.5,-4.5,0.0,0,,MOVING,-10.0,14.5,0.0,0,,MOVING,25.5,-24.0,0.0,0,,MOVING,-30.0,-24.0,0.0,0,,MOVING
63,1.0667,-2.0943,-4.5,0.9143,0,,MOVING,4.5,-9.0943,0.9143,0,,MOVING,18.5,-4.5,0.0,0,,MOVING,-10.0,14.5,0.0,0,,MOVING,25.5,-24.0,0.0,0,,MOVING,-30.0,-24.0,0.0,0,,MOVING
64,1.0833,-2.0794,-4.5,0.8915,0,,MOVING,4.5,-9.0794,0.8915,0,,MOVING,18.5,-4.5,0.0,0,,MOVING,-10.0,14.5,0.0,0,,MOVING,25.5,-24.0,0.0,0,,MOVING,-30.0,-24.0,0.0,0,,MOVING
65,1.1,-2.065,-4.5,0.8692,0,,MOVING,4.5,-9.065,0.8692,0,,MOVING,18.5,-4.5,0.0,0,,MOVING,-10.0,14.5,0.0,0,,MOVING,25.5,-24.0,0.0,0,,MOVING,-30.0,-24.0,0.0,0,,MOVING
66,1.1167,-2.0508,-4.5,0.8474,0,,MOVING,4.5,-9.0508,0.8474,0,,MOVING,18.5,-4.5,0.0,0,,MOVING,-10.0,14.5,0.0,0,,MOVING,25.5,-24.0,0.0,0,,MOVING,-30.0,-24.0,0.0,0,,MOVING
67,1.1333,-2.0371,-4.5,0.8263,0,,MOVING,4.5,-9.0371,0.8263,0,,MOVING,18.5,-4.5,0.0,0,,MOVING,-10.0,14.5,0.0,0,,MOVING,25.5,-24.0,0.0,0,,MOVING,-30.0,-24.0,0.0,0,,MOVING
68,1.15,-2.0236,-4.5,0.8056,0,,MOVING,4.5,-9.0236,0.8056,0,,MOVING,18.5,-4.5,0.0,0,,MOVING,-10.0,14.5,0.0,0,,MOVING,25.5,-24.0,0.0,0,,MOVING,-30.0,-24.0,0.0,0,,MOVING
69,1.1667,-2.0105,-4.5,0.7855,0,,MOVING,4.5,-9.0105,0.7855,0,,MOVING,18.5,-4.5,0.0,0,,MOVING,-10.0,14.5,0.0,0,,MOVING,25.5,-24.0,0.0,0,,MOVING,-30.0,-24.0,0.0,0,,MOVING
70,1.1833,-1.9978,-4.5,0.7658,0,,MOVING,4.5,-8.9978,0.7658,0,,MOVING,18.5,-4.5,0.0,0,,MOVING,-10.0,14.5,0.0,0,,MOVING,25.5,-24.0,0.0,0,,MOVING,-30.0,-24.0,0.0,0,,MOVING
71,1.2,-1.9853,-4.5,0.7467,0,,MOVING,4.5,-8.9853,0.7467,0,,MOVING,18.5,-4.5,0.0,0,,MOVING,-10.0,14.5,0.0,0,,MOVING,25.5,-24.0,0.0,0,,MOVING,-30.0,-24.0,0.0,0,,MOVING
72,1.2167,-1.9732,-4.5,0.728,0,,MOVING,4.5,-8.9732,0.728,0,,MOVING,18.5,-4.5,0.0,0,,MOVING,-10.0,14.5,0.0,0,,MOVING,25.5,-24.0,0.0,0,,MOVING,-30.0,-24.0,0.0,0,,MOVING
73,1.2333,-1.9614,-4.5,0.7098,0,,MOVING,4.5,-8.9614,0.7098,0,,MOVING,18.5,-4.5,0.0,0,,MOVING,-10.0,14.5,0.0,0,,MOVING,25.5,-24.0,0.0,0,,MOVING,-30.0,-24.0,0.0,0,,MOVING
74,1.25,-1.9498,-4.5,0.6921,0,,MOVING,4.5,-8.9498,0.6921,0,,MOVING,18.5,-4.5,0.0,0,,MOVING,-10.0,14.5,0.0,0,,MOVING,25.5,-24.0,0.0,0,,MOVING,-30.0,-24.0,0.0,0,,MOVING
75,1.2667,-1.9386,-4.5,0.6748,0,,MOVING,4.5,-8.9386,0.6748,0,,MOVING,18.5,-4.5,0.0,0,,MOVING,-10.0,14.5,0.0,0,,MOVING,25.5,-24.0,0.0,0,,MOVING,-30.0,-24.0,0.0,0,,MOVING
76,1.2833,-1.9276,-4.5,0.6579,0,,MOVING,4.5,-8.9276,0.6579,0,,MOVING,18.5,-4.5,0.0,0,,MOVING,-10.0,14.5,0.0,0,,MOVING,25.5,-24.0,0.0,0,,MOVING,-30.0,-24.0,0.0,0,,MOVING
77,1.3,-1.9169,-4.5,0.6414,0,,MOVING,4.5,-8.9169,0.6414,0,,MOVING,18.5,-4.5,0.0,0,,MOVING,-10.0,14.5,0.0,0,,MOVING,25.5,-24.0,0.0,0,,MOVING,-30.0,-24.0,0.0,0,,MOVING
78,1.3167,-1.9065,-4.5,0.6254,0,,MOVING,4.5,-8.9065,0.6254,0,,MOVING,18.5,-4.5,0.0,0,,MOVING,-10.0,14.5,0.0,0,,MOVING,25.5,-24.0,0.0,0,,MOVING,-30.0,-24.0,0.0,0,,MOVING
79,1.3333,-1.8964,-4.5,0.6098,0,,MOVING,4.5,-8.8964,0.6098,0,,MOVING,18.5,-4.5,0.0,0,,MOVING,-10.0,14.5,0.0,0,,MOVING,25.5,-24.0,0.0,0,,MOVING,-30.0,-24.0,0.0,0,,MOVING
80,1.35,-1.8864,-4.5,0.5945,0,,MOVING,4.5,-8.8864,0.5945,0,,MOVING,18.5,-4.5,0.0,0,,MOVING,-10.0,14.5,0.0,0,,MOVING,25.5,-24.0,0.0,0,,MOVING,-30.0,-24.0,0.0,0,,MOVING
81,1.3667,-1.8768,-4.5,0.5797,0,,MOVING,4.5,-8.8768,0.5797,0,,MOVING,18.5,-4.5,0.0,0,,MOVING,-10.0,14.5,0.0,0,,MOVING,25.5,-24.0,0.0,0,,MOVING,-30.0,-24.0,0.0,0,,MOVING
82,1.3833,-1.8674,-4.5,0.5652,0,,MOVING,4.5,-8.8674,0.5652,0,,MOVING,18.5,-4.5,0.0,0,,MOVING,-10.0,14.5,0.0,0,,MOVING,25.5,-24.0,0.0,0,,MOVING,-30.0,-24.0,0.0,0,,MOVING
83,1.4,-1.8582,-4.5,0.551,0,,MOVING,4.5,-8.8582,0.551,0,,MOVING,18.5,-4.5,0.0,0,,MOVING,-10.0,14.5,0.0,0,,MOVING,25.5,-24.0,0.0,0,,MOVING,-30.0,-24.0,0.0,0,,MOVING
84,1.4167,-1.8492,-4.5,0.5373,0,,MOVING,4.5,-8.8492,0.5373,0,,MOVING,18.5,-4.5,0.0,0,,MOVING,-10.0,14.5,0.0,0,,MOVING,25.5,-24.0,0.0,0,,MOVING,-30.0,-24.0,0.0,0,,MOVING
85,1.4333,-1.828,-4.5,1.2738,0,,MOVING,4.5,-8.828,1.2738,0,,MOVING,18.5,-4.5,0.0,0,,MOVING,-10.0,14.5,0.0,0,,MOVING,25.5,-24.0,0.0,0,,MOVING,-30.0,-24.0,0.0,0,,MOVING
86,1.45,-1.8073,-4.5,1.242,0,,MOVING,4.5,-8.8073,1.242,0,,MOVING,18.5,-4.5,0.0,0,,MOVING,-10.0,14.5,0.0,0,,MOVING,25.5,-24.0,0.0,0,,MOVING,-30.0,-24.0,0.0,0,,MOVING
87,1.4667,-1.7871,-4.5,1.2109,0,,MOVING,4.5,-8.7871,1.2109,0,,MOVING,18.5,-4.5,0.0,0,,MOVING,-10.0,14.5,0.0,0,,MOVING,25.5,-24.0,0.0,0,,MOVING,-30.0,-24.0,0.0,0,,MOVING
88,1.4833,-1.7674,-4.5,1.1807,0,,MOVING,4.5,-8.7674,1.1807,0,,MOVING,18.5,-4.5,0.0,0,,MOVING,-10.0,14.5,0.0,0,,MOVING,25.5,-24.0,0.0,0,,MOVING,-30.0,-24.0,0.0,0,,MOVING
89,1.5,-1.7482,-4.5,1.1512,0,,MOVING,4.5,-8.7482,1.1512,0,,MOVING,18.5,-4.5,0.0,0,,MOVING,-10.0,14.5,0.0,0,,MOVING,25.5,-24.0,0.0,0,,MOVING,-30.0,-24.0,0.0,0,,MOVING
90,1.5167,-1.7295,-4.5,1.1224,0,,MOVING,4.5,-8.7295,1.1224,0,,MOVING,18.5,-4.5,0.0,0,,MOVING,-10.0,14.5,0.0,0,,MOVING,25.5,-24.0,0.0,0,,MOVING,-30.0,-24.0,0.0,0,,MOVING
91,1.5333,-1.7113,-4.5,1.0943,0,,MOVING,4.5,-8.7113,1.0943,0,,MOVING,18.5,-4.5,0.0,0,,MOVING,-10.0,14.5,0.0,0,,MOVING,25.5,-24.0,0.0,0,,MOVING,-30.0,-24.0,0.0,0,,MOVING
92,1.55,-1.6935,-4.5,1.067,0,,MOVING,4.5,-8.6935,1.067,0,,MOVING,18.5,-4.5,0.0,0,,MOVING,-10.0,14.5,0.0,0,,MOVING,25.5,-24.0,0.0,0,,MOVING,-30.0,-24.0,0.0,0,,MOVING
93,1.5667,-1.6762,-4.5,1.0403,0,,MOVING,4.5,-8.6762,1.0403,0,,MOVING,18.5,-4.5,0.0,0,,MOVING,-10.0,14.5,0.0,0,,MOVING,25.5,-24.0,0.0,0,,MOVING,-30.0,-24.0,0.0,0,,MOVING
94,1.5833,-1.6593,-4.5,1.0143,0,,MOVING,4.5,-8.6593,1.0143,0,,MOVING,18.5,-4.5,0.0,0,,MOVING,-10.0,14.5,0.0,0,,MOVING,25.5,-24.0,0.0,0,,MOVING,-30.0,-24.0,0.0,0,,MOVING
95,1.6,-1.6428,-4.5,0.9889,0,,MOVING,4.5,-8.6428,0.9889,0,,MOVING,18.5,-4.5,0.0,0,,MOVING,-10.0,14.5,0.0,0,,MOVING,25.5,-24.0,0.0,0,,MOVING,-30.0,-24.0,0.0,0,,MOVING
96,1.6167,-1.6267,-4.5,0.9642,0,,MOVING,4.5,-8.6267,0.9642,0,,MOVING,18.5,-4.5,0.0,0,,MOVING,-10.0,14.5,0.0,0,,MOVING,25.5,-24.0,0.0,0,,MOVING,-30.0,-24.0,0.0,0,,MOVING
97,1.6333,-1.6111,-4.5,0.9401,0,,MOVING,4.5,-8.6111,0.9401,0,,MOVING,18.5,-4.5,0.0,0,,MOVING,-10.0,14.5,0.0,0,,MOVING,25.5,-24.0,0.0,0,,MOVING,-30.0,-24.0,0.0,0,,MOVING
98,1.65,-1.5958,-4.5,0.9166,0,,MOVING,4.5,-8.5958,0.9166,0,,MOVING,18.5,-4.5,0.0,0,,MOVING,-10.0,14.5,0.0,0,,MOVING,25.5,-24.0,0.0,0,,MOVING,-30.0,-24.0,0.0,0,,MOVING
99,1.6667,-1.5809,-4.5,0.8937,0,,MOVING,4.5,-8.5809,0.8937,0,,MOVING,18.5,-4.5,0.0,0,,MOVING,-10.0,14.5,0.0,0,,MOVING,25.5,-24.0,0.0,0,,MOVING,-30.0,-24.0,0.0,0,,MOVING
100,1.6833,-1.5664,-4.5,0.8713,0,,MOVING,4.5,-8.5664,0.8713,0,,MOVING,18.5,-4.5,0.0,0,,MOVING,-10.0,14.5,0.0,0,,MOVING,25.5,-24.0,0.0,0,,MOVING,-30.0,-24.0,0.0,0,,MOVING
101,1.7,-1.5522,-4.5,0.8495,0,,MOVING,4.5,-8.5522,0.8495,0,,MOVING,18.5,-4.5,0.0,0,,MOVING,-10.0,14.5,0.0,0,,MOVING,25.5,-24.0,0.0,0,,MOVING,-30.0,-24.0,0.0,0,,MOVING
102,1.7167,-1.5384,-4.5,0.8283,0,,MOVING,4.5,-8.5384,0.8283,0,,MOVING,18.5,-4.5,0.0,0,,MOVING,-10.0,14.5,0.0,0,,MOVING,25.5,-24.0,0.0,0,,MOVING,-30.0,-24.0,0.0,0,,MOVING
103,1.7333,-1.5249,-4.5,0.8076,0,,MOVING,4.5,-8.5249,0.8076,0,,MOVING,18.5,-4.5,0.0,0,,MOVING,-10.0,14.5,0.0,0,,MOVING,25.5,-24.0,0.0,0,,MOVING,-30.0,-24.0,0.0,0,,MOVING
104,1.75,-1.5118,-4.5,0.7874,0,,MOVING,4.5,-8.5118,0.7874,0,,MOVING,18.5,-4.5,0.0,0,,MOVING,-10.0,14.5,0.0,0,,MOVING,25.5,-24.0,0.0,0,,MOVING,-30.0,-24.0,0.0,0,,MOVING
105,1.7667,-1.499,-4.5,0.7677,0,,MOVING,4.5,-8.499,0.7677,0,,MOVING,18.5,-4.5,0.0,0,,MOVING,-10.0,14.5,0.0,0,,MOVING,25.5,-24.0,0.0,0,,MOVING,-30.0,-24.0,0.0,0,,MOVING
106,1.7833,-1.4865,-4.5,0.7485,0,,MOVING,4.5,-8.4865,0.7485,0,,MOVING,18.5,-4.5,0.0,0,,MOVING,-10.0,14.5,0.0,0,,MOVING,25.5,-24.0,0.0,0,,MOVING,-30.0,-24.0,0.0,0,,MOVING
107,1.8,-1.4744,-4.5,0.7298,0,,MOVING,4.5,-8.4744,0.7298,0,,MOVING,18.5,-4.5,0.0,0,,MOVING,-10.0,14.5,0.0,0,,MOVING,25.5,-24.0,0.0,0,,MOVING,-30.0,-24.0,0.0,0,,MOVING
108,1.8167,-1.4625,-4.5,0.7116,0,,MOVING,4.5,-8.4625,0.7116,0,,MOVING,18.5,-4.5,0.0,0,,MOVING,-10.0,14.5,0.0,0,,MOVING,25.5,-24.0,0.0,0,,MOVING,-30.0,-24.0,0.0,0,,MOVING
109,1.8333,-1.451,-4.5,0.6938,0,,MOVING,4.5,-8.451,0.6938,0,,MOVING,18.5,-4.5,0.0,0,,MOVING,-10.0,14.5,0.0,0,,MOVING,25.5,-24.0,0.0,0,,MOVING,-30.0,-24.0,0.0,0,,MOVING
110,1.85,-1.4397,-4.5,0.6764,0,,MOVING,4.5,-8.4397,0.6764,0,,MOVING,18.5,-4.5,0.0,0,,MOVING,-10.0,14.5,0.0,0,,MOVING,25.5,-24.0,0.0,0,,MOVING,-30.0,-24.0,0.0,0,,MOVING
111,1.8667,-1.4287,-4.5,0.6595,0,,MOVING,4.5,-8.4287,0.6595,0,,MOVING,18.5,-4.5,0.0,0,,MOVING,-10.0,14.5,0.0,0,,MOVING,25.5,-24.0,0.0,0,,MOVING,-30.0,-24.0,0.0,0,,MOVING
112,1.8833,-1.418,-4.5,0.643,0,,MOVING,4.5,-8.418,0.643,0,,MOVING,18.5,-4.5,0.0,0,,MOVING,-10.0,14.5,0.0,0,,MOVING,25.5,-24.0,0.0,0,,MOVING,-30.0,-24.0,0.0,0,,MOVING
113,1.9,-1.4075,-4.5,0.627,0,,MOVING,4.5,-8.4075,0.627,0,,MOVING,18.5,-4.5,0.0,0,,MOVING,-10.0,14.5,0.0,0,,MOVING,25.5,-24.0,0.0,0,,MOVING,-30.0,-24.0,0.0,0,,MOVING
114,1.9167,-1.3973,-4.5,0.6113,0,,MOVING,4.5,-8.3973,0.6113,0,,MOVING,18.5,-4.5,0.0,0,,MOVING,-10.0,14.5,0.0,0,,MOVING,25.5,-24.0,0.0,0,,MOVING,-30.0,-24.0,0.0,0,,MOVING
115,1.9333,-1.3874,-4.5,0.596,0,,MOVING,4.5,-8.3874,0.596,0,,MOVING,18.5,-4.5,0.0,0,,MOVING,-10.0,14.5,0.0,0,,MOVING,25.5,-24.0,0.0,0,,MOVING,-30.0,-24.0,0.0,0,,MOVING
116,1.95,-1.3777,-4.5,0.5811,0,,MOVING,4.5,-8.3777,0.5811,0,,MOVING,18.5,-4.5,0.0,0,,MOVING,-10.0,14.5,0.0,0,,MOVING,25.5,-24.0,0.0,0,,MOVING,-30.0,-24.0,0.0,0,,MOVING
117,1.9667,-1.3683,-4.5,0.5666,0,,MOVING,4.5,-8.3683,0.5666,0,,MOVING,18.5,-4.5,0.0,0,,MOVING,-10.0,14.5,0.0,0,,MOVING,25.5,-24.0,0.0,0,,MOVING,-30.0,-24.0,0.0,0,,MOVING
118,1.9833,-1.3591,-4.5,0.5524,0,,MOVING,4.5,-8.3591,0.5524,0,,MOVING,18.5,-4.5,0.0,0,,MOVING,-10.0,14.5,0.0,0,,MOVING,25.5,-24.0,0.0,0,,MOVING,-30.0,-24.0,0.0,0,,MOVING
119,2.0,-1.3501,-4.5,0.5386,0,,MOVING,4.5,-8.3501,0.5386,0,,MOVING,18.5,-4.5,0.0,0,,MOVING,-10.0,14.5,0.0,0,,MOVING,25.5,-24.0,0.0,0,,MOVING,-30.0,-24.0,0.0,0,,MOVING
120,2.0167,-1.3413,-4.5,0.5251,0,,MOVING,4.5,-8.3413,0.5251,0,,MOVING,18.5,-4.5,0.0,0,,MOVING,-10.0,14.5,0.0,0,,MOVING,25.5,-24.0,0.0,0,,MOVING,-30.0,-24.0,0.0,0,,MOVING
121,2.0333,-1.3203,-4.5,1.262,0,,MOVING,4.5,-8.3203,1.262,0,,MOVING,18.5,-4.5,0.0,0,,MOVING,-10.0,14.5,0.0,0,,MOVING,25.5,-24.0,0.0,0,,MOVING,-30.0,-24.0,0.0,0,,MOVING
122,2.05,-1.2998,-4.5,1.2305,0,,MOVING,4.5,-8.2998,1.2305,0,,MOVING,18.5,-4.5,0.0,0,,MOVING,-10.0,14.5,0.0,0,,MOVING,25.5,-24.0,0.0,0,,MOVING,-30.0,-24.0,0.0,0,,MOVING
123,2.0667,-1.2798,-4.5,1.1997,0,,MOVING,4.5,-8.2798,1.1997,0,,MOVING,18.5,-4.5,0.0,0,,MOVING,-10.0,14.5,0.0,0,,MOVING,25.5,-24.0,0.0,0,,MOVING,-30.0,-24.0,0.0,0,,MOVING
124,2.0833,-1.2603,-4.5,1.1697,0,,MOVING,4.5,-8.2603,1.1697,0,,MOVING,18.5,-4.5,0.0,0,,MOVING,-10.0,14.5,0.0,0,,MOVING,25.5,-24.0,0.0,0,,MOVING,-30.0,-24.0,0.0,0,,MOVING
125,2.1,-1.2413,-4.5,1.1405,0,,MOVING,4.5,-8.2413,1.1405,0,,MOVING,18.5,-4.5,0.0,0,,MOVING,-10.0,14.5,0.0,0,,MOVING,25.5,-24.0,0.0,0,,MOVING,-30.0,-24.0,0.0,0,,MOVING
126,2.1167,-1.2228,-4.5,1.112,0,,MOVING,4.5,-8.2228,1.112,0,,MOVING,18.5,-4.5,0.0,0,,MOVING,-10.0,14.5,0.0,0,,MOVING,25.5,-24.0,0.0,0,,MOVING,-30.0,-24.0,0.0,0,,MOVING
127,2.1333,-1.2047,-4.5,1.0842,0,,MOVING,4.5,-8.2047,1.0842,0,,MOVING,18.5,-4.5,0.0,0,,MOVING,-10.0,14.5,0.0,0,,MOVING,25.5,-24.0,0.0,0,,MOVING,-30.0,-24.0,0.0,0,,MOVING
128,2.15,-1.1871,-4.5,1.0571,0,,MOVING,4.5,-8.1871,1.0571,0,,MOVING,18.5,-4.5,0.0,0,,MOVING,-10.0,14.5,0.0,0,,MOVING,25.5,-24.0,0.0,0,,MOVING,-30.0,-24.0,0.0,0,,MOVING
129,2.1667,-1.1699,-4.5,1.0306,0,,MOVING,4.5,-8.1699,1.0306,0,,MOVING,18.5,-4.5,0.0,0,,MOVING,-10.0,14.5,0.0,0,,MOVING,25.5,-24.0,0.0,0,,MOVING,-30.0,-24.0,0.0,0,,MOVING
130,2.1833,-1.1532,-4.5,1.0049,0,,MOVING,4.5,-8.1532,1.0049,0,,MOVING,18.5,-4.5,0.0,0,,MOVING,-10.0,14.5,0.0,0,,MOVING,25.5,-24.0,0.0,0,,MOVING,-30.0,-24.0,0.0,0,,MOVING
131,2.2,-1.1368,-4.5,0.9797,0,,MOVING,4.5,-8.1368,0.9797,0,,MOVING,18.5,-4.5,0.0,0,,MOVING,-10.0,14.5,0.0,0,,MOVING,25.5,-24.0,0.0,0,,MOVING,-30.0,-24.0,0.0,0,,MOVING
132,2.2167,-1.1209,-4.5,0.9552,0,,MOVING,4.5,-8.1209,0.9552,0,,MOVING,18.5,-4.5,0.0,0,,MOVING,-10.0,14.5,0.0,0,,MOVING,25.5,-24.0,0.0,0,,MOVING,-30.0,-24.0,0.0,0,,MOVING
133,2.2333,-1.1054,-4.5,0.9314,0,,MOVING,4.5,-8.1054,0.9314,0,,MOVING,18.5,-4.5,0.0,0,,MOVING,-10.0,14.5,0.0,0,,MOVING,25.5,-24.0,0.0,0,,MOVING,-30.0,-24.0,0.0,0,,MOVING
134,2.25,-1.0903,-4.5,0.9081,0,,MOVING,4.5,-8.0903,0.9081,0,,MOVING,18.5,-4.5,0.0,0,,MOVING,-10.0,14.5,0.0,0,,MOVING,25.5,-24.0,0.0,0,,MOVING,-30.0,-24.0,0.0,0,,MOVING
135,2.2667,-1.0755,-4.5,0.8854,0,,MOVING,4.5,-8.0755,0.8854,0,,MOVING,18.5,-4.5,0.0,0,,MOVING,-10.0,14.5,0.0,0,,MOVING,25.5,-24.0,0.0,0,,MOVING,-30.0,-24.0,0.0,0,,MOVING
136,2.2833,-1.0611,-4.5,0.8632,0,,MOVING,4.5,-8.0611,0.8632,0,,MOVING,18.5,-4.5,0.0,0,,MOVING,-10.0,14.5,0.0,0,,MOVING,25.5,-24.0,0.0,0,,MOVING,-30.0,-24.0,0.0,0,,MOVING
137,2.3,-1.0471,-4.5,0.8417,0,,MOVING,4.5,-8.0471,0.8417,0,,MOVING,18.5,-4.5,0.0,0,,MOVING,-10.0,14.5,0.0,0,,MOVING,25.5,-24.0,0.0,0,,MOVING,-30.0,-24.0,0.0,0,,MOVING
138,2.3167,-1.0334,-4.5,0.8206,0,,MOVING,4.5,-8.0334,0.8206,0,,MOVING,18.5,-4.5,0.0,0,,MOVING,-10.0,14.5,0.0,0,,MOVING,25.5,-24.0,0.0,0,,MOVING,-30.0,-24.0,0.0,0,,MOVING
139,2.3333,-1.0201,-4.5,0.8001,0,,MOVING,4.5,-8.0201,0.8001,0,,MOVING,18.5,-4.5,0.0,0,,MOVING,-10.0,14.5,0.0,0,,MOVING,25.5,-24.0,0.0,0,,MOVING,-30.0,-24.0,0.0,0,,MOVING
140,2.35,-1.0071,-4.5,0.7801,0,,MOVING,4.5,-8.0071,0.7801,0,,MOVING,18.5,-4.5,0.0,0,,MOVING,-10.0,14.5,0.0,0,,MOVING,25.5,-24.0,0.0,0,,MOVING,-30.0,-24.0,0.0,0,,MOVING
141,2.3667,-0.9944,-4.5,0.7606,0,,MOVING,4.5,-7.9944,0.7606,0,,MOVING,18.5,-4.5,0.0,0,,MOVING,-10.0,14.5,0.0,0,,MOVING,25.5,-24.0,0.0,0,,MOVING,-30.0,-24.0,0.0,0,,MOVING
142,2.3833,-0.982,-4.5,0.7416,0,,MOVING,4.5,-7.982,0.7416,0,,MOVING,18.5,-4.5,0.0,0,,MOVING,-10.0,14.5,0.0,0,,MOVING,25.5,-24.0,0.0,0,,MOVING,-30.0,-24.0,0.0,0,,MOVING
143,2.4,-0.97,-4.5,0.723,0,,MOVING,4.5,-7.97,0.723,0,,MOVING,18.5,-4.5,0.0,0,,MOVING,-10.0,14.5,0.0,0,,MOVING,25.5,-24.0,0.0,0,,MOVING,-30.0,-24.0,0.0,0,,MOVING
144,2.4167,-0.9582,-4.5,0.705,0,,MOVING,4.5,-7.9582,0.705,0,,MOVING,18.5,-4.5,0.0,0,,MOVING,-10.0,14.5,0.0,0,,MOVING,25.5,-24.0,0.0,0,,MOVING,-30.0,-24.0,0.0,0,,MOVING
145,2.4333,-0.9468,-4.5,0.6873,0,,MOVING,4.5,-7.9468,0.6873,0,,MOVING,18.5,-4.5,0.0,0,,MOVING,-10.0,14.5,0.0,0,,MOVING,25.5,-24.0,0.0,0,,MOVING,-30.0,-24.0,0.0,0,,MOVING
146,2.45,-0.9356,-4.5,0.6702,0,,MOVING,4.5,-7.9356,0.6702,0,,MOVING,18.5,-4.5,0.0,0,,MOVING,-10.0,14.5,0.0,0,,MOVING,25.5,-24.0,0.0,0,,MOVING,-30.0,-24.0,0.0,0,,MOVING
147,2.4667,-0.9247,-4.5,0.6534,0,,MOVING,4.5,-7.9247,0.6534,0,,MOVING,18.5,-4.5,0.0,0,,MOVING,-10.0,14.5,0.0,0,,MOVING,25.5,-24.0,0.0,0,,MOVING,-30.0,-24.0,0.0,0,,MOVING
148,2.4833,-0.9141,-4.5,0.6371,0,,MOVING,4.5,-7.9141,0.6371,0,,MOVING,18.5,-4.5,0.0,0,,MOVING,-10.0,14.5,0.0,0,,MOVING,25.5,-24.0,0.0,0,,MOVING,-30.0,-24.0,0.0,0,,MOVING
149,2.5,-0.9037,-4.5,0.6211,0,,MOVING,4.5,-7.9037,0.6211,0,,MOVING,18.5,-4.5,0.0,0,,MOVING,-10.0,14.5,0.0,0,,MOVING,25.5,-24.0,0.0,0,,MOVING,-30.0,-24.0,0.0,0,,MOVING
150,2.5167,-0.8937,-4.5,0.6056,0,,MOVING,4.5,-7.8937,0.6056,0,,MOVING,18.5,-4.5,0.0,0,,MOVING,-10.0,14.5,0.0,0,,MOVING,25.5,-24.0,0.0,0,,MOVING,-30.0,-24.0,0.0,0,,MOVING
151,2.5333,-0.8838,-4.5,0.5905,0,,MOVING,4.5,-7.8838,0.5905,0,,MOVING,18.5,-4.5,0.0,0,,MOVING,-10.0,14.5,0.0,0,,MOVING,25.5,-24.0,0.0,0,,MOVING,-30.0,-24.0,0.0,0,,MOVING
152,2.55,-0.8742,-4.5,0.5757,0,,MOVING,4.5,-7.8742,0.5757,0,,MOVING,18.5,-4.5,0.0,0,,MOVING,-10.0,14.5,0.0,0,,MOVING,25.5,-24.0,0.0,0,,MOVING,-30.0,-24.0,0.0,0,,MOVING
153,2.5667,-0.8649,-4.5,0.5613,0,,MOVING,4.5,-7.8649,0.5613,0,,MOVING,18.5,-4.5,0.0,0,,MOVING,-10.0,14.5,0.0,0,,MOVING,25.5,-24.0,0.0,0,,MOVING,-30.0,-24.0,0.0,0,,MOVING
154,2.5833,-0.8557,-4.5,0.5473,0,,MOVING,4.5,-7.8557,0.5473,0,,MOVING,18.5,-4.5,0.0,0,,MOVING,-10.0,14.5,0.0,0,,MOVING,25.5,-24.0,0.0,0,,MOVING,-30.0,-24.0,0.0,0,,MOVING
155,2.6,-0.8468,-4.5,0.5336,0,,MOVING,4.5,-7.8468,0.5336,0,,MOVING,18.5,-4.5,0.0,0,,MOVING,-10.0,14.5,0.0,0,,MOVING,25.5,-24.0,0.0,0,,MOVING,-30.0,-24.0,0.0,0,,MOVING
156,2.6167,-0.8257,-4.5,1.2703,0,,MOVING,4.5,-7.8257,1.2703,0,,MOVING,18.5,-4.5,0.0,0,,MOVING,-10.0,14.5,0.0,0,,MOVING,25.5,-24.0,0.0,0,,MOVING,-30.0,-24.0,0.0,0,,MOVING
157,2.6333,-0.805,-4.5,1.2385,0,,MOVING,4.5,-7.805,1.2385,0,,MOVING,18.5,-4.5,0.0,0,,MOVING,-10.0,14.5,0.0,0,,MOVING,25.5,-24.0,0.0,0,,MOVING,-30.0,-24.0,0.0,0,,MOVING
158,2.65,-0.7849,-4.5,1.2075,0,,MOVING,4.5,-7.7849,1.2075,0,,MOVING,18.5,-4.5,0.0,0,,MOVING,-10.0,14.5,0.0,0,,MOVING,25.5,-24.0,0.0,0,,MOVING,-30.0,-24.0,0.0,0,,MOVING
159,2.6667,-0.7653,-4.5,1.1774,0,,MOVING,4.5,-7.7653,1.1774,0,,MOVING,18.5,-4.5,0.0,0,,MOVING,-10.0,14.5,0.0,0,,MOVING,25.5,-24.0,0.0,0,,MOVING,-30.0,-24.0,0.0,0,,MOVING
160,2.6833,-0.7462,-4.5,1.1479,0,,MOVING,4.5,-7.7462,1.1479,0,,MOVING,18.5,-4.5,0.0,0,,MOVING,-10.0,14.5,0.0,0,,MOVING,25.5,-24.0,0.0,0,,MOVING,-30.0,-24.0,0.0,0,,MOVING
161,2.7,-0.7275,-4.5,1.1192,0,,MOVING,4.5,-7.7275,1.1192,0,,MOVING,18.5,-4.5,0.0,0,,MOVING,-10.0,14.5,0.0,0,,MOVING,25.5,-24.0,0.0,0,,MOVING,-30.0,-24.0,0.0,0,,MOVING
162,2.7167,-0.7093,-4.5,1.0912,0,,MOVING,4.5,-7.7093,1.0912,0,,MOVING,18.5,-4.5,0.0,0,,MOVING,-10.0,14.5,0.0,0,,MOVING,25.5,-24.0,0.0,0,,MOVING,-30.0,-24.0,0.0,0,,MOVING
163,2.7333,-0.6916,-4.5,1.064,0,,MOVING,4.5,-7.6916,1.064,0,,MOVING,18.5,-4.5,0.0,0,,MOVING,-10.0,14.5,0.0,0,,MOVING,25.5,-24.0,0.0,0,,MOVING,-30.0,-24.0,0.0,0,,MOVING
164,2.75,-0.6743,-4.5,1.0374,0,,MOVING,4.5,-7.6743,1.0374,0,,MOVING,18.5,-4.5,0.0,0,,MOVING,-10.0,14.5,0.0,0,,MOVING,25.5,-24.0,0.0,0,,MOVING,-30.0,-24.0,0.0,0,,MOVING
165,2.7667,-0.6574,-4.5,1.0114,0,,MOVING,4.5,-7.6574,1.0114,0,,MOVING,18.5,-4.5,0.0,0,,MOVING,-10.0,14.5,0.0,0,,MOVING,25.5,-24.0,0.0,0,,MOVING,-30.0,-24.0,0.0,0,,MOVING
166,2.7833,-0.641,-4.5,0.9861,0,,MOVING,4.5,-7.641,0.9861,0,,MOVING,18.5,-4.5,0.0,0,,MOVING,-10.0,14.5,0.0,0,,MOVING,25.5,-24.0,0.0,0,,MOVING,-30.0,-24.0,0.0,0,,MOVING
167,2.8,-0.625,-4.5,0.9615,0,,MOVING,4.5,-7.625,0.9615,0,,MOVING,18.5,-4.5,0.0,0,,MOVING,-10.0,14.5,0.0,0,,MOVING,25.5,-24.0,0.0,0,,MOVING,-30.0,-24.0,0.0,0,,MOVING
168,2.8167,-0.6093,-4.5,0.9375,0,,MOVING,4.5,-7.6093,0.9375,0,,MOVING,18.5,-4.5,0.0,0,,MOVING,-10.0,14.5,0.0,0,,MOVING,25.5,-24.0,0.0,0,,MOVING,-30.0,-24.0,0.0,0,,MOVING
169,2.8333,-0.5941,-4.5,0.914,0,,MOVING,4.5,-7.5941,0.914,0,,MOVING,18.5,-4.5,0.0,0,,MOVING,-10.0,14.5,0.0,0,,MOVING,25.5,-24.0,0.0,0,,MOVING,-30.0,-24.0,0.0,0,,MOVING
170,2.85,-0.5793,-4.5,0.8912,0,,MOVING,4.5,-7.5793,0.8912,0,,MOVING,18.5,-4.5,0.0,0,,MOVING,-10.0,14.5,0.0,0,,MOVING,25.5,-24.0,0.0,0,,MOVING,-30.0,-24.0,0.0,0,,MOVING
171,2.8667,-0.5648,-4.5,0.8689,0,,MOVING,4.5,-7.5648,0.8689,0,,MOVING,18.5,-4.5,0.0,0,,MOVING,-10.0,14.5,0.0,0,,MOVING,25.5,-24.0,0.0,0,,MOVING,-30.0,-24.0,0.0,0,,MOVING
172,2.8833,-0.5507,-4.5,0.8472,0,,MOVING,4.5,-7.5507,0.8472,0,,MOVING,18.5,-4.5,0.0,0,,MOVING,-10.0,14.5,0.0,0,,MOVING,25.5,-24.0,0.0,0,,MOVING,-30.0,-24.0,0.0,0,,MOVING
173,2.9,-0.5369,-4.5,0.826,0,,MOVING,4.5,-7.5369,0.826,0,,MOVING,18.5,-4.5,0.0,0,,MOVING,-10.0,14.5,0.0,0,,MOVING,25.5,-24.0,0.0,0,,MOVING,-30.0,-24.0,0.0,0,,MOVING
174,2.9167,-0.5235,-4.5,0.8053,0,,MOVING,4.5,-7.5235,0.8053,0,,MOVING,18.5,-4.5,0.0,0,,MOVING,-10.0,14.5,0.0,0,,MOVING,25.5,-24.0,0.0,0,,MOVING,-30.0,-24.0,0.0,0,,MOVING
175,2.9333,-0.5104,-4.5,0.7852,0,,MOVING,4.5,-7.5104,0.7852,0,,MOVING,18.5,-4.5,0.0,0,,MOVING,-10.0,14.5,0.0,0,,MOVING,25.5,-24.0,0.0,0,,MOVING,-30.0,-24.0,0.0,0,,MOVING
176,2.95,-0.4976,-4.5,0.7656,0,,MOVING,4.5,-7.4976,0.7656,0,,MOVING,18.5,-4.5,0.0,0,,MOVING,-10.0,14.5,0.0,0,,MOVING,25.5,-24.0,0.0,0,,MOVING,-30.0,-24.0,0.0,0,,MOVING
177,2.9667,-0.4852,-4.5,0.7464,0,,MOVING,4.5,-7.4852,0.7464,0,,MOVING,18.5,-4.5,0.0,0,,MOVING,-10.0,14.5,0.0,0,,MOVING,25.5,-24.0,0.0,0,,MOVING,-30.0,-24.0,0.0,0,,MOVING
178,2.9833,-0.4731,-4.5,0.7278,0,,MOVING,4.5,-7.4731,0.7278,0,,MOVING,18.5,-4.5,0.0,0,,MOVING,-10.0,14.5,0.0,0,,MOVING,25.5,-24.0,0.0,0,,MOVING,-30.0,-24.0,0.0,0,,MOVING
179,3.0,-0.4612,-4.5,0.7096,0,,MOVING,4.5,-7.4612,0.7096,0,,MOVING,18.5,-4.5,0.0,0,,MOVING,-10.0,14.5,0.0,0,,MOVING,25.5,-24.0,0.0,0,,MOVING,-30.0,-24.0,0.0,0,,MOVING
180,3.0167,-0.4497,-4.5,0.6918,0,,MOVING,4.5,-7.4497,0.6918,0,,MOVING,18.5,-4.5,0.0,0,,MOVING,-10.0,14.5,0.0,0,,MOVING,25.5,-24.0,0.0,0,,MOVING,-30.0,-24.0,0.0,0,,MOVING
181,3.0333,-0.4385,-4.5,0.6745,0,,MOVING,4.5,-7.4385,0.6745,0,,MOVING,18.5,-4.5,0.0,0,,MOVING,-10.0,14.5,0.0,0,,MOVING,25.5,-24.0,0.0,0,,MOVING,-30.0,-24.0,0.0,0,,MOVING
182,3.05,-0.4275,-4.5,0.6577,0,,MOVING,4.5,-7.4275,0.6577,0,,MOVING,18.5,-4.5,0.0,0,,MOVING,-10.0,14.5,0.0,0,,MOVING,25.5,-24.0,0.0,0,,MOVING,-30.0,-24.0,0.0,0,,MOVING
183,3.0667,-0.4168,-4.5,0.6412,0,,MOVING,4.5,-7.4168,0.6412,0,,MOVING,18.5,-4.5,0.0,0,,MOVING,-10.0,14.5,0.0,0,,MOVING,25.5,-24.0,0.0,0,,MOVING,-30.0,-24.0,0.0,0,,MOVING
184,3.0833,-0.4064,-4.5,0.6252,0,,MOVING,4.5,-7.4064,0.6252,0,,MOVING,18.5,-4.5,0.0,0,,MOVING,-10.0,14.5,0.0,0,,MOVING,25.5,-24.0,0.0,0,,MOVING,-30.0,-24.0,0.0,0,,MOVING
185,3.1,-0.3962,-4.5,0.6096,0,,MOVING,4.5,-7.3962,0.6096,0,,MOVING,18.5,-4.5,0.0,0,,MOVING,-10.0,14.5,0.0,0,,MOVING,25.5,-24.0,0.0,0,,MOVING,-30.0,-24.0,0.0,0,,MOVING
186,3.1167,-0.3863,-4.5,0.5943,0,,MOVING,4.5,-7.3863,0.5943,0,,MOVING,18.5,-4.5,0.0,0,,MOVING,-10.0,14.5,0.0,0,,MOVING,25.5,-24.0,0.0,0,,MOVING,-30.0,-24.0,0.0,0,,MOVING
187,3.1333,-0.3767,-4.5,0.5795,0,,MOVING,4.5,-7.3767,0.5795,0,,MOVING,18.5,-4.5,0.0,0,,MOVING,-10.0,14.5,0.0,0,,MOVING,25.5,-24.0,0.0,0,,MOVING,-30.0,-24.0,0.0,0,,MOVING
188,3.15,-0.3672,-4.5,0.565,0,,MOVING,4.5,-7.3672,0.565,0,,MOVING,18.5,-4.5,0.0,0,,MOVING,-10.0,14.5,0.0,0,,MOVING,25.5,-24.0,0.0,0,,MOVING,-30.0,-24.0,0.0,0,,MOVING
189,3.1667,-0.3581,-4.5,0.5509,0,,MOVING,4.5,-7.3581,0.5509,0,,MOVING,18.5,-4.5,0.0,0,,MOVING,-10.0,14.5,0.0,0,,MOVING,25.5,-24.0,0.0,0,,MOVING,-30.0,-24.0,0.0,0,,MOVING
190,3.1833,-0.3491,-4.5,0.5371,0,,MOVING,4.5,-7.3491,0.5371,0,,MOVING,18.5,-4.5,0.0,0,,MOVING,-10.0,14.5,0.0,0,,MOVING,25.5,-24.0,0.0,0,,MOVING,-30.0,-24.0,0.0,0,,MOVING
191,3.2,-0.3279,-4.5,1.2737,0,,MOVING,4.5,-7.3279,1.2737,0,,MOVING,18.5,-4.5,0.0,0,,MOVING,-10.0,14.5,0.0,0,,MOVING,25.5,-24.0,0.0,0,,MOVING,-30.0,-24.0,0.0,0,,MOVING
192,3.2167,-0.3072,-4.5,1.2418,0,,MOVING,4.5,-7.3072,1.2418,0,,MOVING,18.5,-4.5,0.0,0,,MOVING,-10.0,14.5,0.0,0,,MOVING,25.5,-24.0,0.0,0,,MOVING,-30.0,-24.0,0.0,0,,MOVING
193,3.2333,-0.287,-4.5,1.2108,0,,MOVING,4.5,-7.287,1.2108,0,,MOVING,18.5,-4.5,0.0,0,,MOVING,-10.0,14.5,0.0,0,,MOVING,25.5,-24.0,0.0,0,,MOVING,-30.0,-24.0,0.0,0,,MOVING
194,3.25,-0.2673,-4.5,1.1805,0,,MOVING,4.5,-7.2673,1.1805,0,,MOVING,18.5,-4.5,0.0,0,,MOVING,-10.0,14.5,0.0,0,,MOVING,25.5,-24.0,0.0,0,,MOVING,-30.0,-24.0,0.0,0,,MOVING
195,3.2667,-0.2481,-4.5,1.151,0,,MOVING,4.5,-7.2481,1.151,0,,MOVING,18.5,-4.5,0.0,0,,MOVING,-10.0,14.5,0.0,0,,MOVING,25.5,-24.0,0.0,0,,MOVING,-30.0,-24.0,0.0,0,,MOVING
196,3.2833,-0.2294,-4.5,1.1222,0,,MOVING,4.5,-7.2294,1.1222,0,,MOVING,18.5,-4.5,0.0,0,,MOVING,-10.0,14.5,0.0,0,,MOVING,25.5,-24.0,0.0,0,,MOVING,-30.0,-24.0,0.0,0,,MOVING
197,3.3,-0.2112,-4.5,1.0942,0,,MOVING,4.5,-7.2112,1.0942,0,,MOVING,18.5,-4.5,0.0,0,,MOVING,-10.0,14.5,0.0,0,,MOVING,25.5,-24.0,0.0,0,,MOVING,-30.0,-24.0,0.0,0,,MOVING
198,3.3167,-0.1934,-4.5,1.0668,0,,MOVING,4.5,-7.1934,1.0668,0,,MOVING,18.5,-4.5,0.0,0,,MOVING,-10.0,14.5,0.0,0,,MOVING,25.5,-24.0,0.0,0,,MOVING,-30.0,-24.0,0.0,0,,MOVING
199,3.3333,-0.1761,-4.5,1.0401,0,,MOVING,4.5,-7.1761,1.0401,0,,MOVING,18.5,-4.5,0.0,0,,MOVING,-10.0,14.5,0.0,0,,MOVING,25.5,-24.0,0.0,0,,MOVING,-30.0,-24.0,0.0,0,,MOVING
200,3.35,-0.1592,-4.5,1.0141,0,,MOVING,4.5,-7.1592,1.0141,0,,MOVING,18.5,-4.5,0.0,0,,MOVING,-10.0,14.5,0.0,0,,MOVING,25.5,-24.0,0.0,0,,MOVING,-30.0,-24.0,0.0,0,,MOVING
201,3.3667,-0.1427,-4.5,0.9888,0,,MOVING,4.5,-7.1427,0.9888,0,,MOVING,18.5,-4.5,0.0,0,,MOVING,-10.0,14.5,0.0,0,,MOVING,25.5,-24.0,0.0,0,,MOVING,-30.0,-24.0,0.0,0,,MOVING
202,3.3833,-0.1266,-4.5,0.9641,0,,MOVING,4.5,-7.1266,0.9641,0,,MOVING,18.5,-4.5,0.0,0,,MOVING,-10.0,14.5,0.0,0,,MOVING,25.5,-24.0,0.0,0,,MOVING,-30.0,-24.0,0.0,0,,MOVING
203,3.4,-0.111,-4.5,0.94,0,,MOVING,4.5,-7.111,0.94,0,,MOVING,18.5,-4.5,0.0,0,,MOVING,-10.0,14.5,0.0,0,,MOVING,25.5,-24.0,0.0,0,,MOVING,-30.0,-24.0,0.0,0,,MOVING
204,3.4167,-0.0957,-4.5,0.9165,0,,MOVING,4.5,-7.0957,0.9165,0,,MOVING,18.5,-4.5,0.0,0,,MOVING,-10.0,14.5,0.0,0,,MOVING,25.5,-24.0,0.0,0,,MOVING,-30.0,-24.0,0.0,0,,MOVING
205,3.4333,-0.0808,-4.5,0.8936,0,,MOVING,4.5,-7.0808,0.8936,0,,MOVING,18.5,-4.5,0.0,0,,MOVING,-10.0,14.5,0.0,0,,MOVING,25.5,-24.0,0.0,0,,MOVING,-30.0,-24.0,0.0,0,,MOVING
206,3.45,-0.0663,-4.5,0.8712,0,,MOVING,4.5,-7.0663,0.8712,0,,MOVING,18.5,-4.5,0.0,0,,MOVING,-10.0,14.5,0.0,0,,MOVING,25.5,-24.0,0.0,0,,MOVING,-30.0,-24.0,0.0,0,,MOVING
207,3.4667,-0.0521,-4.5,0.8494,0,,MOVING,4.5,-7.0521,0.8494,0,,MOVING,18.5,-4.5,0.0,0,,MOVING,-10.0,14.5,0.0,0,,MOVING,25.5,-24.0,0.0,0,,MOVING,-30.0,-24.0,0.0,0,,MOVING
208,3.4833,-0.0383,-4.5,0.8282,0,,MOVING,4.5,-7.0383,0.8282,0,,MOVING,18.5,-4.5,0.0,0,,MOVING,-10.0,14.5,0.0,0,,MOVING,25.5,-24.0,0.0,0,,MOVING,-30.0,-24.0,0.0,0,,MOVING
209,3.5,-0.0249,-4.5,0.8075,0,,MOVING,4.5,-7.0249,0.8075,0,,MOVING,18.5,-4.5,0.0,0,,MOVING,-10.0,14.5,0.0,0,,MOVING,25.5,-24.0,0.0,0,,MOVING,-30.0,-24.0,0.0,0,,MOVING
210,3.5167,-0.0117,-4.5,0.7873,0,,MOVING,4.5,-7.0117,0.7873,0,,MOVING,18.5,-4.5,0.0,0,,MOVING,-10.0,14.5,0.0,0,,MOVING,25.5,-24.0,0.0,0,,MOVING,-30.0,-24.0,0.0,0,,MOVING
211,3.5333,0.001,-4.5,0.7676,0,,MOVING,4.5,-6.999,0.7676,0,,MOVING,18.5,-4.5,0.0,0,,MOVING,-10.0,14.5,0.0,0,,MOVING,25.5,-24.0,0.0,0,,MOVING,-30.0,-24.0,0.0,0,,MOVING
212,3.55,0.0135,-4.5,0.7484,0,,MOVING,4.5,-6.9865,0.7484,0,,MOVING,18.5,-4.5,0.0,0,,MOVING,-10.0,14.5,0.0,0,,MOVING,25.5,-24.0,0.0,0,,MOVING,-30.0,-24.0,0.0,0,,MOVING
213,3.5667,0.0257,-4.5,0.7297,0,,MOVING,4.5,-6.9743,0.7297,0,,MOVING,18.5,-4.5,0.0,0,,MOVING,-10.0,14.5,0.0,0,,MOVING,25.5,-24.0,0.0,0,,MOVING,-30.0,-24.0,0.0,0,,MOVING
214,3.5833,0.0375,-4.5,0.7115,0,,MOVING,4.5,-6.9625,0.7115,0,,MOVING,18.5,-4.5,0.0,0,,MOVING,-10.0,14.5,0.0,0,,MOVING,25.5,-24.0,0.0,0,,MOVING,-30.0,-24.0,0.0,0,,MOVING
215,3.6,0.0491,-4.5,0.6937,0,,MOVING,4.5,-6.9509,0.6937,0,,MOVING,18.5,-4.5,0.0,0,,MOVING,-10.0,14.5,0.0,0,,MOVING,25.5,-24.0,0.0,0,,MOVING,-30.0,-24.0,0.0,0,,MOVING
216,3.6167,0.0604,-4.5,0.6764,0,,MOVING,4.5,-6.9396,0.6764,0,,MOVING,18.5,-4.5,0.0,0,,MOVING,-10.0,14.5,0.0,0,,MOVING,25.5,-24.0,0.0,0,,MOVING,-30.0,-24.0,0.0,0,,MOVING
217,3.6333,0.0714,-4.5,0.6594,0,,MOVING,4.5,-6.9286,0.6594,0,,MOVING,18.5,-4.5,0.0,0,,MOVING,-10.0,14.5,0.0,0,,MOVING,25.5,-24.0,0.0,0,,MOVING,-30.0,-24.0,0.0,0,,MOVING
218,3.65,0.0821,-4.5,0.643,0,,MOVING,4.5,-6.9179,0.643,0,,MOVING,18.5,-4.5,0.0,0,,MOVING,-10.0,14.5,0.0,0,,MOVING,25.5,-24.0,0.0,0,,MOVING,-30.0,-24.0,0.0,0,,MOVING
219,3.6667,0.0925,-4.5,0.6269,0,,MOVING,4.5,-6.9075,0.6269,0,,MOVING,18.5,-4.5,0.0,0,,MOVING,-10.0,14.5,0.0,0,,MOVING,25.5,-24.0,0.0,0,,MOVING,-30.0,-24.0,0.0,0,,MOVING
220,3.6833,0.1027,-4.5,0.6112,0,,MOVING,4.5,-6.8973,0.6112,0,,MOVING,18.5,-4.5,0.0,0,,MOVING,-10.0,14.5,0.0,0,,MOVING,25.5,-24.0,0.0,0,,MOVING,-30.0,-24.0,0.0,0,,MOVING
221,3.7,0.1126,-4.5,0.5959,0,,MOVING,4.5,-6.8874,0.5959,0,,MOVING,18.5,-4.5,0.0,0,,MOVING,-10.0,14.5,0.0,0,,MOVING,25.5,-24.0,0.0,0,,MOVING,-30.0,-24.0,0.0,0,,MOVING
222,3.7167,0.1223,-4.5,0.581,0,,MOVING,4.5,-6.8777,0.581,0,,MOVING,18.5,-4.5,0.0,0,,MOVING,-10.0,14.5,0.0,0,,MOVING,25.5,-24.0,0.0,0,,MOVING,-30.0,-24.0,0.0,0,,MOVING
223,3.7333,0.1318,-4.5,0.5665,0,,MOVING,4.5,-6.8682,0.5665,0,,MOVING,18.5,-4.5,0.0,0,,MOVING,-10.0,14.5,0.0,0,,MOVING,25.5,-24.0,0.0,0,,MOVING,-30.0,-24.0,0.0,0,,MOVING
224,3.75,0.141,-4.5,0.5523,0,,MOVING,4.5,-6.859,0.5523,0,,MOVING,18.5,-4.5,0.0,0,,MOVING,-10.0,14.5,0.0,0,,MOVING,25.5,-24.0,0.0,0,,MOVING,-30.0,-24.0,0.0,0,,MOVING
225,3.7667,0.15,-4.5,0.5385,0,,MOVING,4.5,-6.85,0.5385,0,,MOVING,18.5,-4.5,0.0,0,,MOVING,-10.0,14.5,0.0,0,,MOVING,25.5,-24.0,0.0,0,,MOVING,-30.0,-24.0,0.0,0,,MOVING
226,3.7833,0.1587,-4.5,0.5251,0,,MOVING,4.5,-6.8413,0.5251,0,,MOVING,18.5,-4.5,0.0,0,,MOVING,-10.0,14.5,0.0,0,,MOVING,25.5,-24.0,0.0,0,,MOVING,-30.0,-24.0,0.0,0,,MOVING
227,3.8,0.1797,-4.5,1.2619,0,,MOVING,4.5,-6.8203,1.2619,0,,MOVING,18.5,-4.5,0.0,0,,MOVING,-10.0,14.5,0.0,0,,MOVING,25.5,-24.0,0.0,0,,MOVING,-30.0,-24.0,0.0,0,,MOVING
228,3.8167,0.2002,-4.5,1.2304,0,,MOVING,4.5,-6.7998,1.2304,0,,MOVING,18.5,-4.5,0.0,0,,MOVING,-10.0,14.5,0.0,0,,MOVING,25.5,-24.0,0.0,0,,MOVING,-30.0,-24.0,0.0,0,,MOVING
229,3.8333,0.2202,-4.5,1.1996,0,,MOVING,4.5,-6.7798,1.1996,0,,MOVING,18.5,-4.5,0.0,0,,MOVING,-10.0,14.5,0.0,0,,MOVING,25.5,-24.0,0.0,0,,MOVING,-30.0,-24.0,0.0,0,,MOVING
230,3.85,0.2397,-4.5,1.1696,0,,MOVING,4.5,-6.7603,1.1696,0,,MOVING,18.5,-4.5,0.0,0,,MOVING,-10.0,14.5,0.0,0,,MOVING,25.5,-24.0,0.0,0,,MOVING,-30.0,-24.0,0.0,0,,MOVING
231,3.8667,0.2587,-4.5,1.1404,0,,MOVING,4.5,-6.7413,1.1404,0,,MOVING,18.5,-4.5,0.0,0,,MOVING,-10.0,14.5,0.0,0,,MOVING,25.5,-24.0,0.0,0,,MOVING,-30.0,-24.0,0.0,0,,MOVING
232,3.8833,0.2773,-4.5,1.1119,0,,MOVING,4.5,-6.7227,1.1119,0,,MOVING,18.5,-4.5,0.0,0,,MOVING,-10.0,14.5,0.0,0,,MOVING,25.5,-24.0,0.0,0,,MOVING,-30.0,-24.0,0.0,0,,MOVING
233,3.9,0.2953,-4.5,1.0841,0,,MOVING,4.5,-6.7047,1.0841,0,,MOVING,18.5,-4.5,0.0,0,,MOVING,-10.0,14.5,0.0,0,,MOVING,25.5,-24.0,0.0,0,,MOVING,-30.0,-24.0,0.0,0,,MOVING
234,3.9167,0.313,-4.5,1.057,0,,MOVING,4.5,-6.687,1.057,0,,MOVING,18.5,-4.5,0.0,0,,MOVING,-10.0,14.5,0.0,0,,MOVING,25.5,-24.0,0.0,0,,MOVING,-30.0,-24.0,0.0,0,,MOVING
235,3.9333,0.3301,-4.5,1.0306,0,,MOVING,4.5,-6.6699,1.0306,0,,MOVING,18.5,-4.5,0.0,0,,MOVING,-10.0,14.5,0.0,0,,MOVING,25.5,-24.0,0.0,0,,MOVING,-30.0,-24.0,0.0,0,,MOVING
236,3.95,0.3469,-4.5,1.0048,0,,MOVING,4.5,-6.6531,1.0048,0,,MOVING,18.5,-4.5,0.0,0,,MOVING,-10.0,14.5,0.0,0,,MOVING,25.5,-24.0,0.0,0,,MOVING,-30.0,-24.0,0.0,0,,MOVING
237,3.9667,0.3632,-4.5,0.9797,0,,MOVING,4.5,-6.6368,0.9797,0,,MOVING,18.5,-4.5,0.0,0,,MOVING,-10.0,14.5,0.0,0,,MOVING,25.5,-24.0,0.0,0,,MOVING,-30.0,-24.0,0.0,0,,MOVING
238,3.9833,0.3791,-4.5,0.9552,0,,MOVING,4.5,-6.6209,0.9552,0,,MOVING,18.5,-4.5,0.0,0,,MOVING,-10.0,14.5,0.0,0,,MOVING,25.5,-24.0,0.0,0,,MOVING,-30.0,-24.0,0.0,0,,MOVING
239,4.0,0.3946,-4.5,0.9313,0,,MOVING,4.5,-6.6054,0.9313,0,,MOVING,18.5,-4.5,0.0,0,,MOVING,-10.0,14.5,0.0,0,,MOVING,25.5,-24.0,0.0,0,,MOVING,-30.0,-24.0,0.0,0,,MOVING
240,4.0167,0.4098,-4.5,0.908,0,,MOVING,4.5,-6.5902,0.908,0,,MOVING,18.5,-4.5,0.0,0,,MOVING,-10.0,14.5,0.0,0,,MOVING,25.5,-24.0,0.0,0,,MOVING,-30.0,-24.0,0.0,0,,MOVING
241,4.0333,0.4245,-4.5,0.8853,0,,MOVING,4.5,-6.5755,0.8853,0,,MOVING,18.5,-4.5,0.0,0,,MOVING,-10.0,14.5,0.0,0,,MOVING,25.5,-24.0,0.0,0,,MOVING,-30.0,-24.0,0.0,0,,MOVING
242,4.05,0.4389,-4.5,0.8632,0,,MOVING,4.5,-6.5611,0.8632,0,,MOVING,18.5,-4.5,0.0,0,,MOVING,-10.0,14.5,0.0,0,,MOVING,25.5,-24.0,0.0,0,,MOVING,-30.0,-24.0,0.0,0,,MOVING
243,4.0667,0.4529,-4.5,0.8416,0,,MOVING,4.5,-6.5471,0.8416,0,,MOVING,18.5,-4.5,0.0,0,,MOVING,-10.0,14.5,0.0,0,,MOVING,25.5,-24.0,0.0,0,,MOVING,-30.0,-24.0,0.0,0,,MOVING
244,4.0833,0.4666,-4.5,0.8206,0,,MOVING,4.5,-6.5334,0.8206,0,,MOVING,18.5,-4.5,0.0,0,,MOVING,-10.0,14.5,0.0,0,,MOVING,25.5,-24.0,0.0,0,,MOVING,-30.0,-24.0,0.0,0,,MOVING
245,4.1,0.48,-4.5,0.8001,0,,MOVING,4.5,-6.52,0.8001,0,,MOVING,18.5,-4.5,0.0,0,,MOVING,-10.0,14.5,0.0,0,,MOVING,25.5,-24.0,0.0,0,,MOVING,-30.0,-24.0,0.0,0,,MOVING
246,4.1167,0.493,-4.5,0.7801,0,,MOVING,4.5,-6.507,0.7801,0,,MOVING,18.5,-4.5,0.0,0,,MOVING,-10.0,14.5,0.0,0,,MOVING,25.5,-24.0,0.0,0,,MOVING,-30.0,-24.0,0.0,0,,MOVING
247,4.1333,0.5056,-4.5,0.7606,0,,MOVING,4.5,-6.4944,0.7606,0,,MOVING,18.5,-4.5,0.0,0,,MOVING,-10.0,14.5,0.0,0,,MOVING,25.5,-24.0,0.0,0,,MOVING,-30.0,-24.0,0.0,0,,MOVING
248,4.15,0.518,-4.5,0.7415,0,,MOVING,4.5,-6.482,0.7415,0,,MOVING,18.5,-4.5,0.0,0,,MOVING,-10.0,14.5,0.0,0,,MOVING,25.5,-24.0,0.0,0,,MOVING,-30.0,-24.0,0.0,0,,MOVING
249,4.1667,0.53,-4.5,0.723,0,,MOVING,4.5,-6.47,0.723,0,,MOVING,18.5,-4.5,0.0,0,,MOVING,-10.0,14.5,0.0,0,,MOVING,25.5,-24.0,0.0,0,,MOVING,-30.0,-24.0,0.0,0,,MOVING
250,4.1833,0.5418,-4.5,0.7049,0,,MOVING,4.5,-6.4582,0.7049,0,,MOVING,18.5,-4.5,0.0,0,,MOVING,-10.0,14.5,0.0,0,,MOVING,25.5,-24.0,0.0,0,,MOVING,-30.0,-24.0,0.0,0,,MOVING
251,4.2,0.5533,-4.5,0.6873,0,,MOVING,4.5,-6.4467,0.6873,0,,MOVING,18.5,-4.5,0.0,0,,MOVING,-10.0,14.5,0.0,0,,MOVING,25.5,-24.0,0.0,0,,MOVING,-30.0,-24.0,0.0,0,,MOVING
252,4.2167,0.5644,-4.5,0.6701,0,,MOVING,4.5,-6.4356,0.6701,0,,MOVING,18.5,-4.5,0.0,0,,MOVING,-10.0,14.5,0.0,0,,MOVING,25.5,-24.0,0.0,0,,MOVING,-30.0,-24.0,0.0,0,,MOVING
253,4.2333,0.5753,-4.5,0.6534,0,,MOVING,4.5,-6.4247,0.6534,0,,MOVING,18.5,-4.5,0.0,0,,MOVING,-10.0,14.5,0.0,0,,MOVING,25.5,-24.0,0.0,0,,MOVING,-30.0,-24.0,0.0,0,,MOVING
254,4.25,0.5859,-4.5,0.637,0,,MOVING,4.5,-6.4141,0.637,0,,MOVING,18.5,-4.5,0.0,0,,MOVING,-10.0,14.5,0.0,0,,MOVING,25.5,-24.0,0.0,0,,MOVING,-30.0,-24.0,0.0,0,,MOVING
255,4.2667,0.5963,-4.5,0.6211,0,,MOVING,4.5,-6.4037,0.6211,0,,MOVING,18.5,-4.5,0.0,0,,MOVING,-10.0,14.5,0.0,0,,MOVING,25.5,-24.0,0.0,0,,MOVING,-30.0,-24.0,0.0,0,,MOVING
256,4.2833,0.6064,-4.5,0.6056,0,,MOVING,4.5,-6.3936,0.6056,0,,MOVING,18.5,-4.5,0.0,0,,MOVING,-10.0,14.5,0.0,0,,MOVING,25.5,-24.0,0.0,0,,MOVING,-30.0,-24.0,0.0,0,,MOVING
257,4.3,0.6162,-4.5,0.5904,0,,MOVING,4.5,-6.3838,0.5904,0,,MOVING,18.5,-4.5,0.0,0,,MOVING,-10.0,14.5,0.0,0,,MOVING,25.5,-24.0,0.0,0,,MOVING,-30.0,-24.0,0.0,0,,MOVING
258,4.3167,0.6258,-4.5,0.5757,0,,MOVING,4.5,-6.3742,0.5757,0,,MOVING,18.5,-4.5,0.0,0,,MOVING,-10.0,14.5,0.0,0,,MOVING,25.5,-24.0,0.0,0,,MOVING,-30.0,-24.0,0.0,0,,MOVING
259,4.3333,0.6352,-4.5,0.5613,0,,MOVING,4.5,-6.3648,0.5613,0,,MOVING,18.5,-4.5,0.0,0,,MOVING,-10.0,14.5,0.0,0,,MOVING,25.5,-24.0,0.0,0,,MOVING,-30.0,-24.0,0.0,0,,MOVING
260,4.35,0.6443,-4.5,0.5473,0,,MOVING,4.5,-6.3557,0.5473,0,,MOVING,18.5,-4.5,0.0,0,,MOVING,-10.0,14.5,0.0,0,,MOVING,25.5,-24.0,0.0,0,,MOVING,-30.0,-24.0,0.0,0,,MOVING
261,4.3667,0.6532,-4.5,0.5336,0,,MOVING,4.5,-6.3468,0.5336,0,,MOVING,18.5,-4.5,0.0,0,,MOVING,-10.0,14.5,0.0,0,,MOVING,25.5,-24.0,0.0,0,,MOVING,-30.0,-24.0,0.0,0,,MOVING
262,4.3833,0.6743,-4.5,1.2702,0,,MOVING,4.5,-6.3257,1.2702,0,,MOVING,18.5,-4.5,0.0,0,,MOVING,-10.0,14.5,0.0,0,,MOVING,25.5,-24.0,0.0,0,,MOVING,-30.0,-24.0,0.0,0,,MOVING
263,4.4,0.695,-4.5,1.2385,0,,MOVING,4.5,-6.305,1.2385,0,,MOVING,18.5,-4.5,0.0,0,,MOVING,-10.0,14.5,0.0,0,,MOVING,25.5,-24.0,0.0,0,,MOVING,-30.0,-24.0,0.0,0,,MOVING
264,4.4167,0.7151,-4.5,1.2075,0,,MOVING,4.5,-6.2849,1.2075,0,,MOVING,18.5,-4.5,0.0,0,,MOVING,-10.0,14.5,0.0,0,,MOVING,25.5,-24.0,0.0,0,,MOVING,-30.0,-24.0,0.0,0,,MOVING
265,4.4333,0.7347,-4.5,1.1773,0,,MOVING,4.5,-6.2653,1.1773,0,,MOVING,18.5,-4.5,0.0,0,,MOVING,-10.0,14.5,0.0,0,,MOVING,25.5,-24.0,0.0,0,,MOVING,-30.0,-24.0,0.0,0,,MOVING
266,4.45,0.7539,-4.5,1.1479,0,,MOVING,4.5,-6.2461,1.1479,0,,MOVING,18.5,-4.5,0.0,0,,MOVING,-10.0,14.5,0.0,0,,MOVING,25.5,-24.0,0.0,0,,MOVING,-30.0,-24.0,0.0,0,,MOVING
267,4.4667,0.7725,-4.5,1.1192,0,,MOVING,4.5,-6.2275,1.1192,0,,MOVING,18.5,-4.5,0.0,0,,MOVING,-10.0,14.5,0.0,0,,MOVING,25.5,-24.0,0.0,0,,MOVING,-30.0,-24.0,0.0,0,,MOVING
268,4.4833,0.7907,-4.5,1.0912,0,,MOVING,4.5,-6.2093,1.0912,0,,MOVING,18.5,-4.5,0.0,0,,MOVING,-10.0,14.5,0.0,0,,MOVING,25.5,-24.0,0.0,0,,MOVING,-30.0,-24.0,0.0,0,,MOVING
269,4.5,0.8084,-4.5,1.0639,0,,MOVING,4.5,-6.1916,1.0639,0,,MOVING,18.5,-4.5,0.0,0,,MOVING,-10.0,14.5,0.0,0,,MOVING,25.5,-24.0,0.0,0,,MOVING,-30.0,-24.0,0.0,0,,MOVING
270,4.5167,0.8257,-4.5,1.0373,0,,MOVING,4.5,-6.1743,1.0373,0,,MOVING,18.5,-4.5,0.0,0,,MOVING,-10.0,14.5,0.0,0,,MOVING,25.5,-24.0,0.0,0,,MOVING,-30.0,-24.0,0.0,0,,MOVING
271,4.5333,0.8426,-4.5,1.0114,0,,MOVING,4.5,-6.1574,1.0114,0,,MOVING,18.5,-4.5,0.0,0,,MOVING,-10.0,14.5,0.0,0,,MOVING,25.5,-24.0,0.0,0,,MOVING,-30.0,-24.0,0.0,0,,MOVING
272,4.55,0.859,-4.5,0.9861,0,,MOVING,4.5,-6.141,0.9861,0,,MOVING,18.5,-4.5,0.0,0,,MOVING,-10.0,14.5,0.0,0,,MOVING,25.5,-24.0,0.0,0,,MOVING,-30.0,-24.0,0.0,0,,MOVING
273,4.5667,0.875,-4.5,0.9615,0,,MOVING,4.5,-6.125,0.9615,0,,MOVING,18.5,-4.5,0.0,0,,MOVING,-10.0,14.5,0.0,0,,MOVING,25.5,-24.0,0.0,0,,MOVING,-30.0,-24.0,0.0,0,,MOVING
274,4.5833,0.8907,-4.5,0.9374,0,,MOVING,4.5,-6.1093,0.9374,0,,MOVING,18.5,-4.5,0.0,0,,MOVING,-10.0,14.5,0.0,0,,MOVING,25.5,-24.0,0.0,0,,MOVING,-30.0,-24.0,0.0,0,,MOVING
275,4.6,0.9059,-4.5,0.914,0,,MOVING,4.5,-6.0941,0.914,0,,MOVING,18.5,-4.5,0.0,0,,MOVING,-10.0,14.5,0.0,0,,MOVING,25.5,-24.0,0.0,0,,MOVING,-30.0,-24.0,0.0,0,,MOVING
276,4.6167,0.9208,-4.5,0.8911,0,,MOVING,4.5,-6.0792,0.8911,0,,MOVING,18.5,-4.5,0.0,0,,MOVING,-10.0,14.5,0.0,0,,MOVING,25.5,-24.0,0.0,0,,MOVING,-30.0,-24.0,0.0,0,,MOVING
277,4.6333,0.9352,-4.5,0.8689,0,,MOVING,4.5,-6.0648,0.8689,0,,MOVING,18.5,-4.5,0.0,0,,MOVING,-10.0,14.5,0.0,0,,MOVING,25.5,-24.0,0.0,0,,MOVING,-30.0,-24.0,0.0,0,,MOVING
278,4.65,0.9494,-4.5,0.8471,0,,MOVING,4.5,-6.0506,0.8471,0,,MOVING,18.5,-4.5,0.0,0,,MOVING,-10.0,14.5,0.0,0,,MOVING,25.5,-24.0,0.0,0,,MOVING,-30.0,-24.0,0.0,0,,MOVING
279,4.6667,0.9631,-4.5,0.826,0,,MOVING,4.5,-6.0369,0.826,0,,MOVING,18.5,-4.5,0.0,0,,MOVING,-10.0,14.5,0.0,0,,MOVING,25.5,-24.0,0.0,0,,MOVING,-30.0,-24.0,0.0,0,,MOVING
280,4.6833,0.9765,-4.5,0.8053,0,,MOVING,4.5,-6.0235,0.8053,0,,MOVING,18.5,-4.5,0.0,0,,MOVING,-10.0,14.5,0.0,0,,MOVING,25.5,-24.0,0.0,0,,MOVING,-30.0,-24.0,0.0,0,,MOVING
281,4.7,0.9896,-4.5,0.7852,0,,MOVING,4.5,-6.0104,0.7852,0,,MOVING,18.5,-4.5,0.0,0,,MOVING,-10.0,14.5,0.0,0,,MOVING,25.5,-24.0,0.0,0,,MOVING,-30.0,-24.0,0.0,0,,MOVING
282,4.7167,1.0024,-4.5,0.7656,0,,MOVING,4.5,-5.9976,0.7656,0,,MOVING,18.5,-4.5,0.0,0,,MOVING,-10.0,14.5,0.0,0,,MOVING,25.5,-24.0,0.0,0,,MOVING,-30.0,-24.0,0.0,0,,MOVING
283,4.7333,1.0148,-4.5,0.7464,0,,MOVING,4.5,-5.9852,0.7464,0,,MOVING,18.5,-4.5,0.0,0,,MOVING,-10.0,14.5,0.0,0,,MOVING,25.5,-24.0,0.0,0,,MOVING,-30.0,-24.0,0.0,0,,MOVING
284,4.75,1.027,-4.5,0.7278,0,,MOVING,4.5,-5.973,0.7278,0,,MOVING,18.5,-4.5,0.0,0,,MOVING,-10.0,14.5,0.0,0,,MOVING,25.5,-24.0,0.0,0,,MOVING,-30.0,-24.0,0.0,0,,MOVING
285,4.7667,1.0388,-4.5,0.7096,0,,MOVING,4.5,-5.9612,0.7096,0,,MOVING,18.5,-4.5,0.0,0,,MOVING,-10.0,14.5,0.0,0,,MOVING,25.5,-24.0,0.0,0,,MOVING,-30.0,-24.0,0.0,0,,MOVING
286,4.7833,1.0503,-4.5,0.6918,0,,MOVING,4.5,-5.9497,0.6918,0,,MOVING,18.5,-4.5,0.0,0,,MOVING,-10.0,14.5,0.0,0,,MOVING,25.5,-24.0,0.0,0,,MOVING,-30.0,-24.0,0.0,0,,MOVING
287,4.8,1.0616,-4.5,0.6745,0,,MOVING,4.5,-5.9384,0.6745,0,,MOVING,18.5,-4.5,0.0,0,,MOVING,-10.0,14.5,0.0,0,,MOVING,25.5,-24.0,0.0,0,,MOVING,-30.0,-24.0,0.0,0,,MOVING
288,4.8167,1.0725,-4.5,0.6577,0,,MOVING,4.5,-5.9275,0.6577,0,,MOVING,18.5,-4.5,0.0,0,,MOVING,-10.0,14.5,0.0,0,,MOVING,25.5,-24.0,0.0,0,,MOVING,-30.0,-24.0,0.0,0,,MOVING
289,4.8333,1.0832,-4.5,0.6412,0,,MOVING,4.5,-5.9168,0.6412,0,,MOVING,18.5,-4.5,0.0,0,,MOVING,-10.0,14.5,0.0,0,,MOVING,25.5,-24.0,0.0,0,,MOVING,-30.0,-24.0,0.0,0,,MOVING
290,4.85,1.0936,-4.5,0.6252,0,,MOVING,4.5,-5.9064,0.6252,0,,MOVING,18.5,-4.5,0.0,0,,MOVING,-10.0,14.5,0.0,0,,MOVING,25.5,-24.0,0.0,0,,MOVING,-30.0,-24.0,0.0,0,,MOVING
291,4.8667,1.1038,-4.5,0.6096,0,,MOVING,4.5,-5.8962,0.6096,0,,MOVING,18.5,-4.5,0.0,0,,MOVING,-10.0,14.5,0.0,0,,MOVING,25.5,-24.0,0.0,0,,MOVING,-30.0,-24.0,0.0,0,,MOVING
292,4.8833,1.1137,-4.5,0.5943,0,,MOVING,4.5,-5.8863,0.5943,0,,MOVING,18.5,-4.5,0.0,0,,MOVING,-10.0,14.5,0.0,0,,MOVING,25.5,-24.0,0.0,0,,MOVING,-30.0,-24.0,0.0,0,,MOVING
293,4.9,1.1233,-4.5,0.5795,0,,MOVING,4.5,-5.8767,0.5795,0,,MOVING,18.5,-4.5,0.0,0,,MOVING,-10.0,14.5,0.0,0,,MOVING,25.5,-24.0,0.0,0,,MOVING,-30.0,-24.0,0.0,0,,MOVING
294,4.9167,1.1328,-4.5,0.565,0,,MOVING,4.5,-5.8672,0.565,0,,MOVING,18.5,-4.5,0.0,0,,MOVING,-10.0,14.5,0.0,0,,MOVING,25.5,-24.0,0.0,0,,MOVING,-30.0,-24.0,0.0,0,,MOVING
295,4.9333,1.1419,-4.5,0.5509,0,,MOVING,4.5,-5.8581,0.5509,0,,MOVING,18.5,-4.5,0.0,0,,MOVING,-10.0,14.5,0.0,0,,MOVING,25.5,-24.0,0.0,0,,MOVING,-30.0,-24.0,0.0,0,,MOVING
296,4.95,1.1509,-4.5,0.5371,0,,MOVING,4.5,-5.8491,0.5371,0,,MOVING,18.5,-4.5,0.0,0,,MOVING,-10.0,14.5,0.0,0,,MOVING,25.5,-24.0,0.0,0,,MOVING,-30.0,-24.0,0.0,0,,MOVING
297,4.9667,1.1721,-4.5,1.2737,0,,MOVING,4.5,-5.8279,1.2737,0,,MOVING,18.5,-4.5,0.0,0,,MOVING,-10.0,14.5,0.0,0,,MOVING,25.5,-24.0,0.0,0,,MOVING,-30.0,-24.0,0.0,0,,MOVING
298,4.9833,1.1928,-4.5,1.2418,0,,MOVING,4.5,-5.8072,1.2418,0,,MOVING,18.5,-4.5,0.0,0,,MOVING,-10.0,14.5,0.0,0,,MOVING,25.5,-24.0,0.0,0,,MOVING,-30.0,-24.0,0.0,0,,MOVING
299,5.0,1.213,-4.5,1.2108,0,,MOVING,4.5,-5.787,1.2108,0,,MOVING,18.5,-4.5,0.0,0,,MOVING,-10.0,14.5,0.0,0,,MOVING,25.5,-24.0,0.0,0,,MOVING,-30.0,-24.0,0.0,0,,MOVING
300,5.0167,1.2327,-4.5,1.1805,0,,MOVING,4.5,-5.7673,1.1805,0,,MOVING,18.5,-4.5,0.0,0,,MOVING,-10.0,14.5,0.0,0,,MOVING,25.5,-24.0,0.0,0,,MOVING,-30.0,-24.0,0.0,0,,MOVING
301,5.0333,1.2519,-4.5,1.151,0,,MOVING,4.5,-5.7481,1.151,0,,MOVING,18.5,-4.5,0.0,0,,MOVING,-10.0,14.5,0.0,0,,MOVING,25.5,-24.0,0.0,0,,MOVING,-30.0,-24.0,0.0,0,,MOVING
302,5.05,1.2706,-4.5,1.1222,0,,MOVING,4.5,-5.7294,1.1222,0,,MOVING,18.5,-4.5,0.0,0,,MOVING,-10.0,14.5,0.0,0,,MOVING,25.5,-24.0,0.0,0,,MOVING,-30.0,-24.0,0.0,0,,MOVING
303,5.0667,1.2888,-4.5,1.0942,0,,MOVING,4.5,-5.7112,1.0942,0,,MOVING,18.5,-4.5,0.0,0,,MOVING,-10.0,14.5,0.0,0,,MOVING,25.5,-24.0,0.0,0,,MOVING,-30.0,-24.0,0.0,0,,MOVING
304,5.0833,1.3066,-4.5,1.0668,0,,MOVING,4.5,-5.6934,1.0668,0,,MOVING,18.5,-4.5,0.0,0,,MOVING,-10.0,14.5,0.0,0,,MOVING,25.5,-24.0,0.0,0,,MOVING,-30.0,-24.0,0.0,0,,MOVING
305,5.1,1.3239,-4.5,1.0401,0,,MOVING,4.5,-5.6761,1.0401,0,,MOVING,18.5,-4.5,0.0,0,,MOVING,-10.0,14.5,0.0,0,,MOVING,25.5,-24.0,0.0,0,,MOVING,-30.0,-24.0,0.0,0,,MOVING
306,5.1167,1.3408,-4.5,1.0141,0,,MOVING,4.5,-5.6592,1.0141,0,,MOVING,18.5,-4.5,0.0,0,,MOVING,-10.0,14.5,0.0,0,,MOVING,25.5,-24.0,0.0,0,,MOVING,-30.0,-24.0,0.0,0,,MOVING
307,5.1333,1.3573,-4.5,0.9888,0,,MOVING,4.5,-5.6427,0.9888,0,,MOVING,18.5,-4.5,0.0,0,,MOVING,-10.0,14.5,0.0,0,,MOVING,25.5,-24.0,0.0,0,,MOVING,-30.0,-24.0,0.0,0,,MOVING
308,5.15,1.3734,-4.5,0.9641,0,,MOVING,4.5,-5.6266,0.9641,0,,MOVING,18.5,-4.5,0.0,0,,MOVING,-10.0,14.5,0.0,0,,MOVING,25.5,-24.0,0.0,0,,MOVING,-30.0,-24.0,0.0,0,,MOVING
309,5.1667,1.389,-4.5,0.94,0,,MOVING,4.5,-5.611,0.94,0,,MOVING,18.5,-4.5,0.0,0,,MOVING,-10.0,14.5,0.0,0,,MOVING,25.5,-24.0,0.0,0,,MOVING,-30.0,-24.0,0.0,0,,MOVING
310,5.1833,1.4043,-4.5,0.9165,0,,MOVING,4.5,-5.5957,0.9165,0,,MOVING,18.5,-4.5,0.0,0,,MOVING,-10.0,14.5,0.0,0,,MOVING,25.5,-24.0,0.0,0,,MOVING,-30.0,-24.0,0.0,0,,MOVING
311,5.2,1.4192,-4.5,0.8935,0,,MOVING,4.5,-5.5808,0.8935,0,,MOVING,18.5,-4.5,0.0,0,,MOVING,-10.0,14.5,0.0,0,,MOVING,25.5,-24.0,0.0,0,,MOVING,-30.0,-24.0,0.0,0,,MOVING
312,5.2167,1.4337,-4.5,0.8712,0,,MOVING,4.5,-5.5663,0.8712,0,,MOVING,18.5,-4.5,0.0,0,,MOVING,-10.0,14.5,0.0,0,,MOVING,25.5,-24.0,0.0,0,,MOVING,-30.0,-24.0,0.0,0,,MOVING
313,5.2333,1.4479,-4.5,0.8494,0,,MOVING,4.5,-5.5521,0.8494,0,,MOVING,18.5,-4.5,0.0,0,,MOVING,-10.0,14.5,0.0,0,,MOVING,25.5,-24.0,0.0,0,,MOVING,-30.0,-24.0,0.0,0,,MOVING
314,5.25,1.4617,-4.5,0.8282,0,,MOVING,4.5,-5.5383,0.8282,0,,MOVING,18.5,-4.5,0.0,0,,MOVING,-10.0,14.5,0.0,0,,MOVING,25.5,-24.0,0.0,0,,MOVING,-30.0,-24.0,0.0,0,,MOVING
315,5.2667,1.4751,-4.5,0.8075,0,,MOVING,4.5,-5.5249,0.8075,0,,MOVING,18.5,-4.5,0.0,0,,MOVING,-10.0,14.5,0.0,0,,MOVING,25.5,-24.0,0.0,0,,MOVING,-30.0,-24.0,0.0,0,,MOVING
316,5.2833,1.4883,-4.5,0.7873,0,,MOVING,4.5,-5.5117,0.7873,0,,MOVING,18.5,-4.5,0.0,0,,MOVING,-10.0,14.5,0.0,0,,MOVING,25.5,-24.0,0.0,0,,MOVING,-30.0,-24.0,0.0,0,,MOVING
317,5.3,1.501,-4.5,0.7676,0,,MOVING,4.5,-5.499,0.7676,0,,MOVING,18.5,-4.5,0.0,0,,MOVING,-10.0,14.5,0.0,0,,MOVING,25.5,-24.0,0.0,0,,MOVING,-30.0,-24.0,0.0,0,,MOVING
318,5.3167,1.5135,-4.5,0.7484,0,,MOVING,4.5,-5.4865,0.7484,0,,MOVING,18.5,-4.5,0.0,0,,MOVING,-10.0,14.5,0.0,0,,MOVING,25.5,-24.0,0.0,0,,MOVING,-30.0,-24.0,0.0,0,,MOVING
319,5.3333,1.5257,-4.5,0.7297,0,,MOVING,4.5,-5.4743,0.7297,0,,MOVING,18.5,-4.5,0.0,0,,MOVING,-10.0,14.5,0.0,0,,MOVING,25.5,-24.0,0.0,0,,MOVING,-30.0,-24.0,0.0,0,,MOVING
320,5.35,1.5375,-4.5,0.7115,0,,MOVING,4.5,-5.4625,0.7115,0,,MOVING,18.5,-4.5,0.0,0,,MOVING,-10.0,14.5,0.0,0,,MOVING,25.5,-24.0,0.0,0,,MOVING,-30.0,-24.0,0.0,0,,MOVING
321,5.3667,1.5491,-4.5,0.6937,0,,MOVING,4.5,-5.4509,0.6937,0,,MOVING,18.5,-4.5,0.0,0,,MOVING,-10.0,14.5,0.0,0,,MOVING,25.5,-24.0,0.0,0,,MOVING,-30.0,-24.0,0.0,0,,MOVING
322,5.3833,1.5604,-4.5,0.6763,0,,MOVING,4.5,-5.4396,0.6763,0,,MOVING,18.5,-4.5,0.0,0,,MOVING,-10.0,14.5,0.0,0,,MOVING,25.5,-24.0,0.0,0,,MOVING,-30.0,-24.0,0.0,0,,MOVING
323,5.4,1.5714,-4.5,0.6594,0,,MOVING,4.5,-5.4286,0.6594,0,,MOVING,18.5,-4.5,0.0,0,,MOVING,-10.0,14.5,0.0,0,,MOVING,25.5,-24.0,0.0,0,,MOVING,-30.0,-24.0,0.0,0,,MOVING
324,5.4167,1.5821,-4.5,0.6429,0,,MOVING,4.5,-5.4179,0.6429,0,,MOVING,18.5,-4.5,0.0,0,,MOVING,-10.0,14.5,0.0,0,,MOVING,25.5,-24.0,0.0,0,,MOVING,-30.0,-24.0,0.0,0,,MOVING
325,5.4333,1.5925,-4.5,0.6269,0,,MOVING,4.5,-5.4075,0.6269,0,,MOVING,18.5,-4.5,0.0,0,,MOVING,-10.0,14.5,0.0,0,,MOVING,25.5,-24.0,0.0,0,,MOVING,-30.0,-24.0,0.0,0,,MOVING
326,5.45,1.6027,-4.5,0.6112,0,,MOVING,4.5,-5.3973,0.6112,0,,MOVING,18.5,-4.5,0.0,0,,MOVING,-10.0,14.5,0.0,0,,MOVING,25.5,-24.0,0.0,0,,MOVING,-30.0,-24.0,0.0,0,,MOVING
327,5.4667,1.6126,-4.5,0.5959,0,,MOVING,4.5,-5.3874,0.5959,0,,MOVING,18.5,-4.5,0.0,0,,MOVING,-10.0,14.5,0.0,0,,MOVING,25.5,-24.0,0.0,0,,MOVING,-30.0,-24.0,0.0,0,,MOVING
328,5.4833,1.6223,-4.5,0.581,0,,MOVING,4.5,-5.3777,0.581,0,,MOVING,18.5,-4.5,0.0,0,,MOVING,-10.0,14.5,0.0,0,,MOVING,25.5,-24.0,0.0,0,,MOVING,-30.0,-24.0,0.0,0,,MOVING
329,5.5,1.6318,-4.5,0.5665,0,,MOVING,4.5,-5.3682,0.5665,0,,MOVING,18.5,-4.5,0.0,0,,MOVING,-10.0,14.5,0.0,0,,MOVING,25.5,-24.0,0.0,0,,MOVING,-30.0,-24.0,0.0,0,,MOVING
330,5.5167,1.641,-4.5,0.5523,0,,MOVING,4.5,-5.359,0.5523,0,,MOVING,18.5,-4.5,0.0,0,,MOVING,-10.0,14.5,0.0,0,,MOVING,25.5,-24.0,0.0,0,,MOVING,-30.0,-24.0,0.0,0,,MOVING
331,5.5333,1.65,-4.5,0.5385,0,,MOVING,4.5,-5.35,0.5385,0,,MOVING,18.5,-4.5,0.0,0,,MOVING,-10.0,14.5,0.0,0,,MOVING,25.5,-24.0,0.0,0,,MOVING,-30.0,-24.0,0.0,0,,MOVING
332,5.55,1.6587,-4.5,0.5251,0,,MOVING,4.5,-5.3413,0.5251,0,,MOVING,18.5,-4.5,0.0,0,,MOVING,-10.0,14.5,0.0,0,,MOVING,25.5,-24.0,0.0,0,,MOVING,-30.0,-24.0,0.0,0,,MOVING
333,5.5667,1.6797,-4.5,1.2619,0,,MOVING,4.5,-5.3203,1.2619,0,,MOVING,18.5,-4.5,0.0,0,,MOVING,-10.0,14.5,0.0,0,,MOVING,25.5,-24.0,0.0,0,,MOVING,-30.0,-24.0,0.0,0,,MOVING
334,5.5833,1.7002,-4.5,1.2304,0,,MOVING,4.5,-5.2998,1.2304,0,,MOVING,18.5,-4.5,0.0,0,,MOVING,-10.0,14.5,0.0,0,,MOVING,25.5,-24.0,0.0,0,,MOVING,-30.0,-24.0,0.0,0,,MOVING
335,5.6,1.7202,-4.5,1.1996,0,,MOVING,4.5,-5.2798,1.1996,0,,MOVING,18.5,-4.5,0.0,0,,MOVING,-10.0,14.5,0.0,0,,MOVING,25.5,-24.0,0.0,0,,MOVING,-30.0,-24.0,0.0,0,,MOVING
336,5.6167,1.7397,-4.5,1.1696,0,,MOVING,4.5,-5.2603,1.1696,0,,MOVING,18.5,-4.5,0.0,0,,MOVING,-10.0,14.5,0.0,0,,MOVING,25.5,-24.0,0.0,0,,MOVING,-30.0,-24.0,0.0,0,,MOVING
337,5.6333,1.7587,-4.5,1.1404,0,,MOVING,4.5,-5.2413,1.1404,0,,MOVING,18.5,-4.5,0.0,0,,MOVING,-10.0,14.5,0.0,0,,MOVING,25.5,-24.0,0.0,0,,MOVING,-30.0,-24.0,0.0,0,,MOVING
338,5.65,1.7773,-4.5,1.1119,0,,MOVING,4.5,-5.2227,1.1119,0,,MOVING,18.5,-4.5,0.0,0,,MOVING,-10.0,14.5,0.0,0,,MOVING,25.5,-24.0,0.0,0,,MOVING,-30.0,-24.0,0.0,0,,MOVING
339,5.6667,1.7953,-4.5,1.0841,0,,MOVING,4.5,-5.2047,1.0841,0,,MOVING,18.5,-4.5,0.0,0,,MOVING,-10.0,14.5,0.0,0,,MOVING,25.5,-24.0,0.0,0,,MOVING,-30.0,-24.0,0.0,0,,MOVING
340,5.6833,1.813,-4.5,1.057,0,,MOVING,4.5,-5.187,1.057,0,,MOVING,18.5,-4.5,0.0,0,,MOVING,-10.0,14.5,0.0,0,,MOVING,25.5,-24.0,0.0,0,,MOVING,-30.0,-24.0,0.0,0,,MOVING
341,5.7,1.8301,-4.5,1.0306,0,,MOVING,4.5,-5.1699,1.0306,0,,MOVING,18.5,-4.5,0.0,0,,MOVING,-10.0,14.5,0.0,0,,MOVING,25.5,-24.0,0.0,0,,MOVING,-30.0,-24.0,0.0,0,,MOVING
342,5.7167,1.8469,-4.5,1.0048,0,,MOVING,4.5,-5.1531,1.0048,0,,MOVING,18.5,-4.5,0.0,0,,MOVING,-10.0,14.5,0.0,0,,MOVING,25.5,-24.0,0.0,0,,MOVING,-30.0,-24.0,0.0,0,,MOVING
343,5.7333,1.8632,-4.5,0.9797,0,,MOVING,4.5,-5.1368,0.9797,0,,MOVING,18.5,-4.5,0.0,0,,MOVING,-10.0,14.5,0.0,0,,MOVING,25.5,-24.0,0.0,0,,MOVING,-30.0,-24.0,0.0,0,,MOVING
344,5.75,1.8791,-4.5,0.9552,0,,MOVING,4.5,-5.1209,0.9552,0,,MOVING,18.5,-4.5,0.0,0,,MOVING,-10.0,14.5,0.0,0,,MOVING,25.5,-24.0,0.0,0,,MOVING,-30.0,-24.0,0.0,0,,MOVING
345,5.7667,1.8946,-4.5,0.9313,0,,MOVING,4.5,-5.1054,0.9313,0,,MOVING,18.5,-4.5,0.0,0,,MOVING,-10.0,14.5,0.0,0,,MOVING,25.5,-24.0,0.0,0,,MOVING,-30.0,-24.0,0.0,0,,MOVING
346,5.7833,1.9098,-4.5,0.908,0,,MOVING,4.5,-5.0902,0.908,0,,MOVING,18.5,-4.5,0.0,0,,MOVING,-10.0,14.5,0.0,0,,MOVING,25.5,-24.0,0.0,0,,MOVING,-30.0,-24.0,0.0,0,,MOVING
347,5.8,1.9245,-4.5,0.8853,0,,MOVING,4.5,-5.0755,0.8853,0,,MOVING,18.5,-4.5,0.0,0,,MOVING,-10.0,14.5,0.0,0,,MOVING,25.5,-24.0,0.0,0,,MOVING,-30.0,-24.0,0.0,0,,MOVING
348,5.8167,1.9389,-4.5,0.8632,0,,MOVING,4.5,-5.0611,0.8632,0,,MOVING,18.5,-4.5,0.0,0,,MOVING,-10.0,14.5,0.0,0,,MOVING,25.5,-24.0,0.0,0,,MOVING,-30.0,-24.0,0.0,0,,MOVING
349,5.8333,1.953,-4.5,0.8416,0,,MOVING,4.5,-5.047,0.8416,0,,MOVING,18.5,-4.5,0.0,0,,MOVING,-10.0,14.5,0.0,0,,MOVING,25.5,-24.0,0.0,0,,MOVING,-30.0,-24.0,0.0,0,,MOVING
350,5.85,1.9666,-4.5,0.8206,0,,MOVING,4.5,-5.0334,0.8206,0,,MOVING,18.5,-4.5,0.0,0,,MOVING,-10.0,14.5,0.0,0,,MOVING,25.5,-24.0,0.0,0,,MOVING,-30.0,-24.0,0.0,0,,MOVING
351,5.8667,1.98,-4.5,0.8001,0,,MOVING,4.5,-5.02,0.8001,0,,MOVING,18.5,-4.5,0.0,0,,MOVING,-10.0,14.5,0.0,0,,MOVING,25.5,-24.0,0.0,0,,MOVING,-30.0,-24.0,0.0,0,,MOVING
352,5.8833,1.993,-4.5,0.7801,0,,MOVING,4.5,-5.007,0.7801,0,,MOVING,18.5,-4.5,0.0,0,,MOVING,-10.0,14.5,0.0,0,,MOVING,25.5,-24.0,0.0,0,,MOVING,-30.0,-24.0,0.0,0,,MOVING
353,5.9,2.0056,-4.5,0.7606,0,,MOVING,4.5,-4.9944,0.7606,0,,MOVING,18.5,-4.5,0.0,0,,MOVING,-10.0,14.5,0.0,0,,MOVING,25.5,-24.0,0.0,0,,MOVING,-30.0,-24.0,0.0,0,,MOVING
354,5.9167,2.018,-4.5,0.7415,0,,MOVING,4.5,-4.982,0.7415,0,,MOVING,18.5,-4.5,0.0,0,,MOVING,-10.0,14.5,0.0,0,,MOVING,25.5,-24.0,0.0,0,,MOVING,-30.0,-24.0,0.0,0,,MOVING
355,5.9333,2.03,-4.5,0.723,0,,MOVING,4.5,-4.97,0.723,0,,MOVING,18.5,-4.5,0.0,0,,MOVING,-10.0,14.5,0.0,0,,MOVING,25.5,-24.0,0.0,0,,MOVING,-30.0,-24.0,0.0,0,,MOVING
356,5.95,2.0418,-4.5,0.7049,0,,MOVING,4.5,-4.9582,0.7049,0,,MOVING,18.5,-4.5,0.0,0,,MOVING,-10.0,14.5,0.0,0,,MOVING,25.5,-24.0,0.0,0,,MOVING,-30.0,-24.0,0.0,0,,MOVING
357,5.9667,2.0533,-4.5,0.6873,0,,MOVING,4.5,-4.9467,0.6873,0,,MOVING,18.5,-4.5,0.0,0,,MOVING,-10.0,14.5,0.0,0,,MOVING,25.5,-24.0,0.0,0,,MOVING,-30.0,-24.0,0.0,0,,MOVING
358,5.9833,2.0644,-4.5,0.6701,0,,MOVING,4.5,-4.9356,0.6701,0,,MOVING,18.5,-4.5,0.0,0,,MOVING,-10.0,14.5,0.0,0,,MOVING,25.5,-24.0,0.0,0,,MOVING,-30.0,-24.0,0.0,0,,MOVING
359,6.0,2.0753,-4.5,0.6534,0,,MOVING,4.5,-4.9247,0.6534,0,,MOVING,18.5,-4.5,0.0,0,,MOVING,-10.0,14.5,0.0,0,,MOVING,25.5,-24.0,0.0,0,,MOVING,-30.0,-24.0,0.0,0,,MOVING
360,6.0167,2.0859,-4.5,0.637,0,,MOVING,4.5,-4.9141,0.637,0,,MOVING,18.5,-4.5,0.0,0,,MOVING,-10.0,14.5,0.0,0,,MOVING,25.5,-24.0,0.0,0,,MOVING,-30.0,-24.0,0.0,0,,MOVING
361,6.0333,2.0963,-4.5,0.6211,0,,MOVING,4.5,-4.9037,0.6211,0,,MOVING,18.5,-4.5,0.0,0,,MOVING,-10.0,14.5,0.0,0,,MOVING,25.5,-24.0,0.0,0,,MOVING,-30.0,-24.0,0.0,0,,MOVING
362,6.05,2.1064,-4.5,0.6056,0,,MOVING,4.5,-4.8936,0.6056,0,,MOVING,18.5,-4.5,0.0,0,,MOVING,-10.0,14.5,0.0,0,,MOVING,25.5,-24.0,0.0,0,,MOVING,-30.0,-24.0,0.0,0,,MOVING
363,6.0667,2.1162,-4.5,0.5904,0,,MOVING,4.5,-4.8838,0.5904,0,,MOVING,18.5,-4.5,0.0,0,,MOVING,-10.0,14.5,0.0,0,,MOVING,25.5,-24.0,0.0,0,,MOVING,-30.0,-24.0,0.0,0,,MOVING
364,6.0833,2.1258,-4.5,0.5757,0,,MOVING,4.5,-4.8742,0.5757,0,,MOVING,18.5,-4.5,0.0,0,,MOVING,-10.0,14.5,0.0,0,,MOVING,25.5,-24.0,0.0,0,,MOVING,-30.0,-24.0,0.0,0,,MOVING
365,6.1,2.1352,-4.5,0.5613,0,,MOVING,4.5,-4.8648,0.5613,0,,MOVING,18.5,-4.5,0.0,0,,MOVING,-10.0,14.5,0.0,0,,MOVING,25.5,-24.0,0.0,0,,MOVING,-30.0,-24.0,0.0,0,,MOVING
366,6.1167,2.1443,-4.5,0.5473,0,,MOVING,4.5,-4.8557,0.5473,0,,MOVING,18.5,-4.5,0.0,0,,MOVING,-10.0,14.5,0.0,0,,MOVING,25.5,-24.0,0.0,0,,MOVING,-30.0,-24.0,0.0,0,,MOVING
367,6.1333,2.1532,-4.5,0.5336,0,,MOVING,4.5,-4.8468,0.5336,0,,MOVING,18.5,-4.5,0.0,0,,MOVING,-10.0,14.5,0.0,0,,MOVING,25.5,-24.0,0.0,0,,MOVING,-30.0,-24.0,0.0,0,,MOVING
368,6.15,2.1743,-4.5,1.2702,0,,MOVING,4.5,-4.8257,1.2702,0,,MOVING,18.5,-4.5,0.0,0,,MOVING,-10.0,14.5,0.0,0,,MOVING,25.5,-24.0,0.0,0,,MOVING,-30.0,-24.0,0.0,0,,MOVING
369,6.1667,2.195,-4.5,1.2385,0,,MOVING,4.5,-4.805,1.2385,0,,MOVING,18.5,-4.5,0.0,0,,MOVING,-10.0,14.5,0.0,0,,MOVING,25.5,-24.0,0.0,0,,MOVING,-30.0,-24.0,0.0,0,,MOVING
370,6.1833,2.2151,-4.5,1.2075,0,,MOVING,4.5,-4.7849,1.2075,0,,MOVING,18.5,-4.5,0.0,0,,MOVING,-10.0,14.5,0.0,0,,MOVING,25.5,-24.0,0.0,0,,MOVING,-30.0,-24.0,0.0,0,,MOVING
371,6.2,2.2347,-4.5,1.1773,0,,MOVING,4.5,-4.7653,1.1773,0,,MOVING,18.5,-4.5,0.0,0,,MOVING,-10.0,14.5,0.0,0,,MOVING,25.5,-24.0,0.0,0,,MOVING,-30.0,-24.0,0.0,0,,MOVING
372,6.2167,2.2539,-4.5,1.1479,0,,MOVING,4.5,-4.7461,1.1479,0,,MOVING,18.5,-4.5,0.0,0,,MOVING,-10.0,14.5,0.0,0,,MOVING,25.5,-24.0,0.0,0,,MOVING,-30.0,-24.0,0.0,0,,MOVING
373,6.2333,2.2725,-4.5,1.1192,0,,MOVING,4.5,-4.7275,1.1192,0,,MOVING,18.5,-4.5,0.0,0,,MOVING,-10.0,14.5,0.0,0,,MOVING,25.5,-24.0,0.0,0,,MOVING,-30.0,-24.0,0.0,0,,MOVING
374,6.25,2.2907,-4.5,1.0912,0,,MOVING,4.5,-4.7093,1.0912,0,,MOVING,18.5,-4.5,0.0,0,,MOVING,-10.0,14.5,0.0,0,,MOVING,25.5,-24.0,0.0,0,,MOVING,-30.0,-24.0,0.0,0,,MOVING
375,6.2667,2.3084,-4.5,1.0639,0,,MOVING,4.5,-4.6916,1.0639,0,,MOVING,18.5,-4.5,0.0,0,,MOVING,-10.0,14.5,0.0,0,,MOVING,25.5,-24.0,0.0,0,,MOVING,-30.0,-24.0,0.0,0,,MOVING
376,6.2833,2.3257,-4.5,1.0373,0,,MOVING,4.5,-4.6743,1.0373,0,,MOVING,18.5,-4.5,0.0,0,,MOVING,-10.0,14.5,0.0,0,,MOVING,25.5,-24.0,0.0,0,,MOVING,-30.0,-24.0,0.0,0,,MOVING
377,6.3,2.3426,-4.5,1.0114,0,,MOVING,4.5,-4.6574,1.0114,0,,MOVING,18.5,-4.5,0.0,0,,MOVING,-10.0,14.5,0.0,0,,MOVING,25.5,-24.0,0.0,0,,MOVING,-30.0,-24.0,0.0,0,,MOVING
378,6.3167,2.359,-4.5,0.9861,0,,MOVING,4.5,-4.641,0.9861,0,,MOVING,18.5,-4.5,0.0,0,,MOVING,-10.0,14.5,0.0,0,,MOVING,25.5,-24.0,0.0,0,,MOVING,-30.0,-24.0,0.0,0,,MOVING
379,6.3333,2.375,-4.5,0.9615,0,,MOVING,4.5,-4.625,0.9615,0,,MOVING,18.5,-4.5,0.0,0,,MOVING,-10.0,14.5,0.0,0,,MOVING,25.5,-24.0,0.0,0,,MOVING,-30.0,-24.0,0.0,0,,MOVING
380,6.35,2.3907,-4.5,0.9374,0,,MOVING,4.5,-4.6093,0.9374,0,,MOVING,18.5,-4.5,0.0,0,,MOVING,-10.0,14.5,0.0,0,,MOVING,25.5,-24.0,0.0,0,,MOVING,-30.0,-24.0,0.0,0,,MOVING
381,6.3667,2.4059,-4.5,0.914,0,,MOVING,4.5,-4.5941,0.914,0,,MOVING,18.5,-4.5,0.0,0,,MOVING,-10.0,14.5,0.0,0,,MOVING,25.5,-24.0,0.0,0,,MOVING,-30.0,-24.0,0.0,0,,MOVING
382,6.3833,2.4208,-4.5,0.8911,0,,MOVING,4.5,-4.5792,0.8911,0,,MOVING,18.5,-4.5,0.0,0,,MOVING,-10.0,14.5,0.0,0,,MOVING,25.5,-24.0,0.0,0,,MOVING,-30.0,-24.0,0.0,0,,MOVING
383,6.4,2.4352,-4.5,0.8689,0,,MOVING,4.5,-4.5648,0.8689,0,,MOVING,18.5,-4.5,0.0,0,,MOVING,-10.0,14.5,0.0,0,,MOVING,25.5,-24.0,0.0,0,,MOVING,-30.0,-24.0,0.0,0,,MOVING
384,6.4167,2.4494,-4.5,0.8471,0,,MOVING,4.5,-4.5506,0.8471,0,,MOVING,18.5,-4.5,0.0,0,,MOVING,-10.0,14.5,0.0,0,,MOVING,25.5,-24.0,0.0,0,,MOVING,-30.0,-24.0,0.0,0,,MOVING
385,6.4333,2.4631,-4.5,0.826,0,,MOVING,4.5,-4.5369,0.826,0,,MOVING,18.5,-4.5,0.0,0,,MOVING,-10.0,14.5,0.0,0,,MOVING,25.5,-24.0,0.0,0,,MOVING,-30.0,-24.0,0.0,0,,MOVING
386,6.45,2.4765,-4.5,0.8053,0,,MOVING,4.5,-4.5235,0.8053,0,,MOVING,18.5,-4.5,0.0,0,,MOVING,-10.0,14.5,0.0,0,,MOVING,25.5,-24.0,0.0,0,,MOVING,-30.0,-24.0,0.0,0,,MOVING
387,6.4667,2.4896,-4.5,0.7852,0,,MOVING,4.5,-4.5104,0.7852,0,,MOVING,18.5,-4.5,0.0,0,,MOVING,-10.0,14.5,0.0,0,,MOVING,25.5,-24.0,0.0,0,,MOVING,-30.0,-24.0,0.0,0,,MOVING
388,6.4833,2.5024,-4.5,0.7656,0,,MOVING,4.5,-4.4976,0.7656,0,,MOVING,18.5,-4.5,0.0,0,,MOVING,-10.0,14.5,0.0,0,,MOVING,25.5,-24.0,0.0,0,,MOVING,-30.0,-24.0,0.0,0,,MOVING
389,6.5,2.5148,-4.5,0.7464,0,,MOVING,4.5,-4.4976,0.0,1,AMR_01,WAITING,18.5,-4.5,0.0,0,,MOVING,-10.0,14.5,0.0,0,,MOVING,25.5,-24.0,0.0,0,,MOVING,-30.0,-24.0,0.0,0,,MOVING
390,6.5167,2.527,-4.5,0.7278,0,,MOVING,4.5,-4.4976,0.0,1,AMR_01,WAITING,18.5,-4.5,0.0,0,,MOVING,-10.0,14.5,0.0,0,,MOVING,25.5,-24.0,0.0,0,,MOVING,-30.0,-24.0,0.0,0,,MOVING
391,6.5333,2.5388,-4.5,0.7096,0,,MOVING,4.5,-4.4976,0.0,1,AMR_01,WAITING,18.5,-4.5,0.0,0,,MOVING,-10.0,14.5,0.0,0,,MOVING,25.5,-24.0,0.0,0,,MOVING,-30.0,-24.0,0.0,0,,MOVING
392,6.55,2.5503,-4.5,0.6918,0,,MOVING,4.5,-4.4976,0.0,1,AMR_01,WAITING,18.5,-4.5,0.0,0,,MOVING,-10.0,14.5,0.0,0,,MOVING,25.5,-24.0,0.0,0,,MOVING,-30.0,-24.0,0.0,0,,MOVING
393,6.5667,2.5616,-4.5,0.6745,0,,MOVING,4.5,-4.4976,0.0,1,AMR_01,WAITING,18.5,-4.5,0.0,0,,MOVING,-10.0,14.5,0.0,0,,MOVING,25.5,-24.0,0.0,0,,MOVING,-30.0,-24.0,0.0,0,,MOVING
394,6.5833,2.5725,-4.5,0.6577,0,,MOVING,4.5,-4.4976,0.0,1,AMR_01,WAITING,18.5,-4.5,0.0,0,,MOVING,-10.0,14.5,0.0,0,,MOVING,25.5,-24.0,0.0,0,,MOVING,-30.0,-24.0,0.0,0,,MOVING
395,6.6,2.5832,-4.5,0.6412,0,,MOVING,4.5,-4.4976,0.0,1,AMR_01,WAITING,18.5,-4.5,0.0,0,,MOVING,-10.0,14.5,0.0,0,,MOVING,25.5,-24.0,0.0,0,,MOVING,-30.0,-24.0,0.0,0,,MOVING
396,6.6167,2.5936,-4.5,0.6252,0,,MOVING,4.5,-4.4976,0.0,1,AMR_01,WAITING,18.5,-4.5,0.0,0,,MOVING,-10.0,14.5,0.0,0,,MOVING,25.5,-24.0,0.0,0,,MOVING,-30.0,-24.0,0.0,0,,MOVING
397,6.6333,2.6038,-4.5,0.6096,0,,MOVING,4.5,-4.4976,0.0,1,AMR_01,WAITING,18.5,-4.5,0.0,0,,MOVING,-10.0,14.5,0.0,0,,MOVING,25.5,-24.0,0.0,0,,MOVING,-30.0,-24.0,0.0,0,,MOVING
398,6.65,2.6137,-4.5,0.5943,0,,MOVING,4.5,-4.4976,0.0,1,AMR_01,WAITING,18.5,-4.5,0.0,0,,MOVING,-10.0,14.5,0.0,0,,MOVING,25.5,-24.0,0.0,0,,MOVING,-30.0,-24.0,0.0,0,,MOVING
399,6.6667,2.6233,-4.5,0.5795,0,,MOVING,4.5,-4.4976,0.0,1,AMR_01,WAITING,18.5,-4.5,0.0,0,,MOVING,-10.0,14.5,0.0,0,,MOVING,25.5,-24.0,0.0,0,,MOVING,-30.0,-24.0,0.0,0,,MOVING
400,6.6833,2.6328,-4.5,0.565,0,,MOVING,4.5,-4.4976,0.0,1,AMR_01,WAITING,18.5,-4.5,0.0,0,,MOVING,-10.0,14.5,0.0,0,,MOVING,25.5,-24.0,0.0,0,,MOVING,-30.0,-24.0,0.0,0,,MOVING
401,6.7,2.6419,-4.5,0.5509,0,,MOVING,4.5,-4.4976,0.0,1,AMR_01,WAITING,18.5,-4.5,0.0,0,,MOVING,-10.0,14.5,0.0,0,,MOVING,25.5,-24.0,0.0,0,,MOVING,-30.0,-24.0,0.0,0,,MOVING
402,6.7167,2.6509,-4.5,0.5371,0,,MOVING,4.5,-4.4976,0.0,1,AMR_01,WAITING,18.5,-4.5,0.0,0,,MOVING,-10.0,14.5,0.0,0,,MOVING,25.5,-24.0,0.0,0,,MOVING,-30.0,-24.0,0.0,0,,MOVING
403,6.7333,2.6721,-4.5,1.2737,0,,MOVING,4.5,-4.4976,0.0,1,AMR_01,WAITING,18.5,-4.5,0.0,0,,MOVING,-10.0,14.5,0.0,0,,MOVING,25.5,-24.0,0.0,0,,MOVING,-30.0,-24.0,0.0,0,,MOVING
404,6.75,2.6928,-4.5,1.2418,0,,MOVING,4.5,-4.4976,0.0,1,AMR_01,WAITING,18.5,-4.5,0.0,0,,MOVING,-10.0,14.5,0.0,0,,MOVING,25.5,-24.0,0.0,0,,MOVING,-30.0,-24.0,0.0,0,,MOVING
405,6.7667,2.713,-4.5,1.2108,0,,MOVING,4.5,-4.4976,0.0,1,AMR_01,WAITING,18.5,-4.5,0.0,0,,MOVING,-10.0,14.5,0.0,0,,MOVING,25.5,-24.0,0.0,0,,MOVING,-30.0,-24.0,0.0,0,,MOVING
406,6.7833,2.7327,-4.5,1.1805,0,,MOVING,4.5,-4.4976,0.0,1,AMR_01,WAITING,18.5,-4.5,0.0,0,,MOVING,-10.0,14.5,0.0,0,,MOVING,25.5,-24.0,0.0,0,,MOVING,-30.0,-24.0,0.0,0,,MOVING
407,6.8,2.7519,-4.5,1.151,0,,MOVING,4.5,-4.4976,0.0,1,AMR_01,WAITING,18.5,-4.5,0.0,0,,MOVING,-10.0,14.5,0.0,0,,MOVING,25.5,-24.0,0.0,0,,MOVING,-30.0,-24.0,0.0,0,,MOVING
408,6.8167,2.7706,-4.5,1.1222,0,,MOVING,4.5,-4.4976,0.0,1,AMR_01,WAITING,18.5,-4.5,0.0,0,,MOVING,-10.0,14.5,0.0,0,,MOVING,25.5,-24.0,0.0,0,,MOVING,-30.0,-24.0,0.0,0,,MOVING
409,6.8333,2.7888,-4.5,1.0942,0,,MOVING,4.5,-4.4976,0.0,1,AMR_01,WAITING,18.5,-4.5,0.0,0,,MOVING,-10.0,14.5,0.0,0,,MOVING,25.5,-24.0,0.0,0,,MOVING,-30.0,-24.0,0.0,0,,MOVING
410,6.85,2.8066,-4.5,1.0668,0,,MOVING,4.5,-4.4976,0.0,1,AMR_01,WAITING,18.5,-4.5,0.0,0,,MOVING,-10.0,14.5,0.0,0,,MOVING,25.5,-24.0,0.0,0,,MOVING,-30.0,-24.0,0.0,0,,MOVING
411,6.8667,2.8239,-4.5,1.0401,0,,MOVING,4.5,-4.4976,0.0,1,AMR_01,WAITING,18.5,-4.5,0.0,0,,MOVING,-10.0,14.5,0.0,0,,MOVING,25.5,-24.0,0.0,0,,MOVING,-30.0,-24.0,0.0,0,,MOVING
412,6.8833,2.8408,-4.5,1.0141,0,,MOVING,4.5,-4.4976,0.0,1,AMR_01,WAITING,18.5,-4.5,0.0,0,,MOVING,-10.0,14.5,0.0,0,,MOVING,25.5,-24.0,0.0,0,,MOVING,-30.0,-24.0,0.0,0,,MOVING
413,6.9,2.8573,-4.5,0.9888,0,,MOVING,4.5,-4.4976,0.0,1,AMR_01,WAITING,18.5,-4.5,0.0,0,,MOVING,-10.0,14.5,0.0,0,,MOVING,25.5,-24.0,0.0,0,,MOVING,-30.0,-24.0,0.0,0,,MOVING
414,6.9167,2.8734,-4.5,0.9641,0,,MOVING,4.5,-4.4976,0.0,1,AMR_01,WAITING,18.5,-4.5,0.0,0,,MOVING,-10.0,14.5,0.0,0,,MOVING,25.5,-24.0,0.0,0,,MOVING,-30.0,-24.0,0.0,0,,MOVING
415,6.9333,2.889,-4.5,0.94,0,,MOVING,4.5,-4.4976,0.0,1,AMR_01,WAITING,18.5,-4.5,0.0,0,,MOVING,-10.0,14.5,0.0,0,,MOVING,25.5,-24.0,0.0,0,,MOVING,-30.0,-24.0,0.0,0,,MOVING
416,6.95,2.9043,-4.5,0.9165,0,,MOVING,4.5,-4.4976,0.0,1,AMR_01,WAITING,18.5,-4.5,0.0,0,,MOVING,-10.0,14.5,0.0,0,,MOVING,25.5,-24.0,0.0,0,,MOVING,-30.0,-24.0,0.0,0,,MOVING
417,6.9667,2.9192,-4.5,0.8935,0,,MOVING,4.5,-4.4976,0.0,1,AMR_01,WAITING,18.5,-4.5,0.0,0,,MOVING,-10.0,14.5,0.0,0,,MOVING,25.5,-24.0,0.0,0,,MOVING,-30.0,-24.0,0.0,0,,MOVING
418,6.9833,2.9337,-4.5,0.8712,0,,MOVING,4.5,-4.4976,0.0,1,AMR_01,WAITING,18.5,-4.5,0.0,0,,MOVING,-10.0,14.5,0.0,0,,MOVING,25.5,-24.0,0.0,0,,MOVING,-30.0,-24.0,0.0,0,,MOVING
419,7.0,2.9479,-4.5,0.8494,0,,MOVING,4.5,-4.4976,0.0,1,AMR_01,WAITING,18.5,-4.5,0.0,0,,MOVING,-10.0,14.5,0.0,0,,MOVING,25.5,-24.0,0.0,0,,MOVING,-30.0,-24.0,0.0,0,,MOVING
420,7.0167,2.9617,-4.5,0.8282,0,,MOVING,4.5,-4.4976,0.0,1,AMR_01,WAITING,18.5,-4.5,0.0,0,,MOVING,-10.0,14.5,0.0,0,,MOVING,25.5,-24.0,0.0,0,,MOVING,-30.0,-24.0,0.0,0,,MOVING
421,7.0333,2.9751,-4.5,0.8075,0,,MOVING,4.5,-4.4976,0.0,1,AMR_01,WAITING,18.5,-4.5,0.0,0,,MOVING,-10.0,14.5,0.0,0,,MOVING,25.5,-24.0,0.0,0,,MOVING,-30.0,-24.0,0.0,0,,MOVING
422,7.05,2.9883,-4.5,0.7873,0,,MOVING,4.5,-4.4976,0.0,1,AMR_01,WAITING,18.5,-4.5,0.0,0,,MOVING,-10.0,14.5,0.0,0,,MOVING,25.5,-24.0,0.0,0,,MOVING,-30.0,-24.0,0.0,0,,MOVING
423,7.0667,3.001,-4.5,0.7676,0,,MOVING,4.5,-4.4976,0.0,1,AMR_01,WAITING,18.5,-4.5,0.0,0,,MOVING,-10.0,14.5,0.0,0,,MOVING,25.5,-24.0,0.0,0,,MOVING,-30.0,-24.0,0.0,0,,MOVING
424,7.0833,3.0135,-4.5,0.7484,0,,MOVING,4.5,-4.4976,0.0,1,AMR_01,WAITING,18.5,-4.5,0.0,0,,MOVING,-10.0,14.5,0.0,0,,MOVING,25.5,-24.0,0.0,0,,MOVING,-30.0,-24.0,0.0,0,,MOVING
425,7.1,3.0257,-4.5,0.7297,0,,MOVING,4.5,-4.4976,0.0,1,AMR_01,WAITING,18.5,-4.5,0.0,0,,MOVING,-10.0,14.5,0.0,0,,MOVING,25.5,-24.0,0.0,0,,MOVING,-30.0,-24.0,0.0,0,,MOVING
426,7.1167,3.0375,-4.5,0.7115,0,,MOVING,4.5,-4.4976,0.0,1,AMR_01,WAITING,18.5,-4.5,0.0,0,,MOVING,-10.0,14.5,0.0,0,,MOVING,25.5,-24.0,0.0,0,,MOVING,-30.0,-24.0,0.0,0,,MOVING
427,7.1333,3.0491,-4.5,0.6937,0,,MOVING,4.5,-4.4976,0.0,1,AMR_01,WAITING,18.5,-4.5,0.0,0,,MOVING,-10.0,14.5,0.0,0,,MOVING,25.5,-24.0,0.0,0,,MOVING,-30.0,-24.0,0.0,0,,MOVING
428,7.15,3.0604,-4.5,0.6763,0,,MOVING,4.5,-4.4976,0.0,1,AMR_01,WAITING,18.5,-4.5,0.0,0,,MOVING,-10.0,14.5,0.0,0,,MOVING,25.5,-24.0,0.0,0,,MOVING,-30.0,-24.0,0.0,0,,MOVING
429,7.1667,3.0714,-4.5,0.6594,0,,MOVING,4.5,-4.4976,0.0,1,AMR_01,WAITING,18.5,-4.5,0.0,0,,MOVING,-10.0,14.5,0.0,0,,MOVING,25.5,-24.0,0.0,0,,MOVING,-30.0,-24.0,0.0,0,,MOVING
430,7.1833,3.0821,-4.5,0.6429,0,,MOVING,4.5,-4.4976,0.0,1,AMR_01,WAITING,18.5,-4.5,0.0,0,,MOVING,-10.0,14.5,0.0,0,,MOVING,25.5,-24.0,0.0,0,,MOVING,-30.0,-24.0,0.0,0,,MOVING
431,7.2,3.0925,-4.5,0.6269,0,,MOVING,4.5,-4.4976,0.0,1,AMR_01,WAITING,18.5,-4.5,0.0,0,,MOVING,-10.0,14.5,0.0,0,,MOVING,25.5,-24.0,0.0,0,,MOVING,-30.0,-24.0,0.0,0,,MOVING
432,7.2167,3.1027,-4.5,0.6112,0,,MOVING,4.5,-4.4976,0.0,1,AMR_01,WAITING,18.5,-4.5,0.0,0,,MOVING,-10.0,14.5,0.0,0,,MOVING,25.5,-24.0,0.0,0,,MOVING,-30.0,-24.0,0.0,0,,MOVING
433,7.2333,3.1126,-4.5,0.5959,0,,MOVING,4.5,-4.4976,0.0,1,AMR_01,WAITING,18.5,-4.5,0.0,0,,MOVING,-10.0,14.5,0.0,0,,MOVING,25.5,-24.0,0.0,0,,MOVING,-30.0,-24.0,0.0,0,,MOVING
434,7.25,3.1223,-4.5,0.581,0,,MOVING,4.5,-4.4976,0.0,1,AMR_01,WAITING,18.5,-4.5,0.0,0,,MOVING,-10.0,14.5,0.0,0,,MOVING,25.5,-24.0,0.0,0,,MOVING,-30.0,-24.0,0.0,0,,MOVING
435,7.2667,3.1318,-4.5,0.5665,0,,MOVING,4.5,-4.4976,0.0,1,AMR_01,WAITING,18.5,-4.5,0.0,0,,MOVING,-10.0,14.5,0.0,0,,MOVING,25.5,-24.0,0.0,0,,MOVING,-30.0,-24.0,0.0,0,,MOVING
436,7.2833,3.141,-4.5,0.5523,0,,MOVING,4.5,-4.4976,0.0,1,AMR_01,WAITING,18.5,-4.5,0.0,0,,MOVING,-10.0,14.5,0.0,0,,MOVING,25.5,-24.0,0.0,0,,MOVING,-30.0,-24.0,0.0,0,,MOVING
437,7.3,3.15,-4.5,0.5385,0,,MOVING,4.5,-4.4976,0.0,1,AMR_01,WAITING,18.5,-4.5,0.0,0,,MOVING,-10.0,14.5,0.0,0,,MOVING,25.5,-24.0,0.0,0,,MOVING,-30.0,-24.0,0.0,0,,MOVING
438,7.3167,3.1587,-4.5,0.5251,0,,MOVING,4.5,-4.4976,0.0,1,AMR_01,WAITING,18.5,-4.5,0.0,0,,MOVING,-10.0,14.5,0.0,0,,MOVING,25.5,-24.0,0.0,0,,MOVING,-30.0,-24.0,0.0,0,,MOVING
439,7.3333,3.1797,-4.5,1.2619,0,,MOVING,4.5,-4.4976,0.0,1,AMR_01,WAITING,18.5,-4.5,0.0,0,,MOVING,-10.0,14.5,0.0,0,,MOVING,25.5,-24.0,0.0,0,,MOVING,-30.0,-24.0,0.0,0,,MOVING
440,7.35,3.2002,-4.5,1.2304,0,,MOVING,4.5,-4.4976,0.0,1,AMR_01,WAITING,18.5,-4.5,0.0,0,,MOVING,-10.0,14.5,0.0,0,,MOVING,25.5,-24.0,0.0,0,,MOVING,-30.0,-24.0,0.0,0,,MOVING
441,7.3667,3.2202,-4.5,1.1996,0,,MOVING,4.5,-4.4976,0.0,1,AMR_01,WAITING,18.5,-4.5,0.0,0,,MOVING,-10.0,14.5,0.0,0,,MOVING,25.5,-24.0,0.0,0,,MOVING,-30.0,-24.0,0.0,0,,MOVING
442,7.3833,3.2397,-4.5,1.1696,0,,MOVING,4.5,-4.4976,0.0,1,AMR_01,WAITING,18.5,-4.5,0.0,0,,MOVING,-10.0,14.5,0.0,0,,MOVING,25.5,-24.0,0.0,0,,MOVING,-30.0,-24.0,0.0,0,,MOVING
443,7.4,3.2587,-4.5,1.1404,0,,MOVING,4.5,-4.4976,0.0,1,AMR_01,WAITING,18.5,-4.5,0.0,0,,MOVING,-10.0,14.5,0.0,0,,MOVING,25.5,-24.0,0.0,0,,MOVING,-30.0,-24.0,0.0,0,,MOVING
444,7.4167,3.2773,-4.5,1.1119,0,,MOVING,4.5,-4.4976,0.0,1,AMR_01,WAITING,18.5,-4.5,0.0,0,,MOVING,-10.0,14.5,0.0,0,,MOVING,25.5,-24.0,0.0,0,,MOVING,-30.0,-24.0,0.0,0,,MOVING
445,7.4333,3.2953,-4.5,1.0841,0,,MOVING,4.5,-4.4976,0.0,1,AMR_01,WAITING,18.5,-4.5,0.0,0,,MOVING,-10.0,14.5,0.0,0,,MOVING,25.5,-24.0,0.0,0,,MOVING,-30.0,-24.0,0.0,0,,MOVING
446,7.45,3.313,-4.5,1.057,0,,MOVING,4.5,-4.4976,0.0,1,AMR_01,WAITING,18.5,-4.5,0.0,0,,MOVING,-10.0,14.5,0.0,0,,MOVING,25.5,-24.0,0.0,0,,MOVING,-30.0,-24.0,0.0,0,,MOVING
447,7.4667,3.3301,-4.5,1.0306,0,,MOVING,4.5,-4.4976,0.0,1,AMR_01,WAITING,18.5,-4.5,0.0,0,,MOVING,-10.0,14.5,0.0,0,,MOVING,25.5,-24.0,0.0,0,,MOVING,-30.0,-24.0,0.0,0,,MOVING
448,7.4833,3.3469,-4.5,1.0048,0,,MOVING,4.5,-4.4976,0.0,1,AMR_01,WAITING,18.5,-4.5,0.0,0,,MOVING,-10.0,14.5,0.0,0,,MOVING,25.5,-24.0,0.0,0,,MOVING,-30.0,-24.0,0.0,0,,MOVING
449,7.5,3.3632,-4.5,0.9797,0,,MOVING,4.5,-4.4976,0.0,1,AMR_01,WAITING,18.5,-4.5,0.0,0,,MOVING,-10.0,14.5,0.0,0,,MOVING,25.5,-24.0,0.0,0,,MOVING,-30.0,-24.0,0.0,0,,MOVING
450,7.5167,3.3791,-4.5,0.9552,0,,MOVING,4.5,-4.4976,0.0,1,AMR_01,WAITING,18.5,-4.5,0.0,0,,MOVING,-10.0,14.5,0.0,0,,MOVING,25.5,-24.0,0.0,0,,MOVING,-30.0,-24.0,0.0,0,,MOVING
451,7.5333,3.3946,-4.5,0.9313,0,,MOVING,4.5,-4.4976,0.0,1,AMR_01,WAITING,18.5,-4.5,0.0,0,,MOVING,-10.0,14.5,0.0,0,,MOVING,25.5,-24.0,0.0,0,,MOVING,-30.0,-24.0,0.0,0,,MOVING
452,7.55,3.4098,-4.5,0.908,0,,MOVING,4.5,-4.4976,0.0,1,AMR_01,WAITING,18.5,-4.5,0.0,0,,MOVING,-10.0,14.5,0.0,0,,MOVING,25.5,-24.0,0.0,0,,MOVING,-30.0,-24.0,0.0,0,,MOVING
453,7.5667,3.4245,-4.5,0.8853,0,,MOVING,4.5,-4.4976,0.0,1,AMR_01,WAITING,18.5,-4.5,0.0,0,,MOVING,-10.0,14.5,0.0,0,,MOVING,25.5,-24.0,0.0,0,,MOVING,-30.0,-24.0,0.0,0,,MOVING
454,7.5833,3.4389,-4.5,0.8632,0,,MOVING,4.5,-4.4976,0.0,1,AMR_01,WAITING,18.5,-4.5,0.0,0,,MOVING,-10.0,14.5,0.0,0,,MOVING,25.5,-24.0,0.0,0,,MOVING,-30.0,-24.0,0.0,0,,MOVING
455,7.6,3.453,-4.5,0.8416,0,,MOVING,4.5,-4.4976,0.0,1,AMR_01,WAITING,18.5,-4.5,0.0,0,,MOVING,-10.0,14.5,0.0,0,,MOVING,25.5,-24.0,0.0,0,,MOVING,-30.0,-24.0,0.0,0,,MOVING
456,7.6167,3.4666,-4.5,0.8206,0,,MOVING,4.5,-4.4976,0.0,1,AMR_01,WAITING,18.5,-4.5,0.0,0,,MOVING,-10.0,14.5,0.0,0,,MOVING,25.5,-24.0,0.0,0,,MOVING,-30.0,-24.0,0.0,0,,MOVING
457,7.6333,3.48,-4.5,0.8001,0,,MOVING,4.5,-4.4976,0.0,1,AMR_01,WAITING,18.5,-4.5,0.0,0,,MOVING,-10.0,14.5,0.0,0,,MOVING,25.5,-24.0,0.0,0,,MOVING,-30.0,-24.0,0.0,0,,MOVING
458,7.65,3.493,-4.5,0.7801,0,,MOVING,4.5,-4.4976,0.0,1,AMR_01,WAITING,18.5,-4.5,0.0,0,,MOVING,-10.0,14.5,0.0,0,,MOVING,25.5,-24.0,0.0,0,,MOVING,-30.0,-24.0,0.0,0,,MOVING
459,7.6667,3.5056,-4.5,0.7606,0,,MOVING,4.5,-4.4976,0.0,1,AMR_01,WAITING,18.5,-4.5,0.0,0,,MOVING,-10.0,14.5,0.0,0,,MOVING,25.5,-24.0,0.0,0,,MOVING,-30.0,-24.0,0.0,0,,MOVING
460,7.6833,3.518,-4.5,0.7415,0,,MOVING,4.5,-4.4976,0.0,1,AMR_01,WAITING,18.5,-4.5,0.0,0,,MOVING,-10.0,14.5,0.0,0,,MOVING,25.5,-24.0,0.0,0,,MOVING,-30.0,-24.0,0.0,0,,MOVING
461,7.7,3.53,-4.5,0.723,0,,MOVING,4.5,-4.4976,0.0,1,AMR_01,WAITING,18.5,-4.5,0.0,0,,MOVING,-10.0,14.5,0.0,0,,MOVING,25.5,-24.0,0.0,0,,MOVING,-30.0,-24.0,0.0,0,,MOVING
462,7.7167,3.5418,-4.5,0.7049,0,,MOVING,4.5,-4.4976,0.0,1,AMR_01,WAITING,18.5,-4.5,0.0,0,,MOVING,-10.0,14.5,0.0,0,,MOVING,25.5,-24.0,0.0,0,,MOVING,-30.0,-24.0,0.0,0,,MOVING
463,7.7333,3.5533,-4.5,0.6873,0,,MOVING,4.5,-4.4976,0.0,1,AMR_01,WAITING,18.5,-4.5,0.0,0,,MOVING,-10.0,14.5,0.0,0,,MOVING,25.5,-24.0,0.0,0,,MOVING,-30.0,-24.0,0.0,0,,MOVING
464,7.75,3.5644,-4.5,0.6701,0,,MOVING,4.5,-4.4976,0.0,1,AMR_01,WAITING,18.5,-4.5,0.0,0,,MOVING,-10.0,14.5,0.0,0,,MOVING,25.5,-24.0,0.0,0,,MOVING,-30.0,-24.0,0.0,0,,MOVING
465,7.7667,3.5753,-4.5,0.6534,0,,MOVING,4.5,-4.4976,0.0,1,AMR_01,WAITING,18.5,-4.5,0.0,0,,MOVING,-10.0,14.5,0.0,0,,MOVING,25.5,-24.0,0.0,0,,MOVING,-30.0,-24.0,0.0,0,,MOVING
466,7.7833,3.5859,-4.5,0.637,0,,MOVING,4.5,-4.4976,0.0,1,AMR_01,WAITING,18.5,-4.5,0.0,0,,MOVING,-10.0,14.5,0.0,0,,MOVING,25.5,-24.0,0.0,0,,MOVING,-30.0,-24.0,0.0,0,,MOVING
467,7.8,3.5963,-4.5,0.6211,0,,MOVING,4.5,-4.4976,0.0,1,AMR_01,WAITING,18.5,-4.5,0.0,0,,MOVING,-10.0,14.5,0.0,0,,MOVING,25.5,-24.0,0.0,0,,MOVING,-30.0,-24.0,0.0,0,,MOVING
468,7.8167,3.6064,-4.5,0.6056,0,,MOVING,4.5,-4.4976,0.0,1,AMR_01,WAITING,18.5,-4.5,0.0,0,,MOVING,-10.0,14.5,0.0,0,,MOVING,25.5,-24.0,0.0,0,,MOVING,-30.0,-24.0,0.0,0,,MOVING
469,7.8333,3.6162,-4.5,0.5904,0,,MOVING,4.5,-4.4976,0.0,1,AMR_01,WAITING,18.5,-4.5,0.0,0,,MOVING,-10.0,14.5,0.0,0,,MOVING,25.5,-24.0,0.0,0,,MOVING,-30.0,-24.0,0.0,0,,MOVING
470,7.85,3.6258,-4.5,0.5757,0,,MOVING,4.5,-4.4976,0.0,1,AMR_01,WAITING,18.5,-4.5,0.0,0,,MOVING,-10.0,14.5,0.0,0,,MOVING,25.5,-24.0,0.0,0,,MOVING,-30.0,-24.0,0.0,0,,MOVING
471,7.8667,3.6352,-4.5,0.5613,0,,MOVING,4.5,-4.4976,0.0,1,AMR_01,WAITING,18.5,-4.5,0.0,0,,MOVING,-10.0,14.5,0.0,0,,MOVING,25.5,-24.0,0.0,0,,MOVING,-30.0,-24.0,0.0,0,,MOVING
472,7.8833,3.6443,-4.5,0.5473,0,,MOVING,4.5,-4.4976,0.0,1,AMR_01,WAITING,18.5,-4.5,0.0,0,,MOVING,-10.0,14.5,0.0,0,,MOVING,25.5,-24.0,0.0,0,,MOVING,-30.0,-24.0,0.0,0,,MOVING
473,7.9,3.6532,-4.5,0.5336,0,,MOVING,4.5,-4.4976,0.0,1,AMR_01,WAITING,18.5,-4.5,0.0,0,,MOVING,-10.0,14.5,0.0,0,,MOVING,25.5,-24.0,0.0,0,,MOVING,-30.0,-24.0,0.0,0,,MOVING
474,7.9167,3.6743,-4.5,1.2702,0,,MOVING,4.5,-4.4976,0.0,1,AMR_01,WAITING,18.5,-4.5,0.0,0,,MOVING,-10.0,14.5,0.0,0,,MOVING,25.5,-24.0,0.0,0,,MOVING,-30.0,-24.0,0.0,0,,MOVING
475,7.9333,3.695,-4.5,1.2385,0,,MOVING,4.5,-4.4976,0.0,1,AMR_01,WAITING,18.5,-4.5,0.0,0,,MOVING,-10.0,14.5,0.0,0,,MOVING,25.5,-24.0,0.0,0,,MOVING,-30.0,-24.0,0.0,0,,MOVING
476,7.95,3.7151,-4.5,1.2075,0,,MOVING,4.5,-4.4976,0.0,1,AMR_01,WAITING,18.5,-4.5,0.0,0,,MOVING,-10.0,14.5,0.0,0,,MOVING,25.5,-24.0,0.0,0,,MOVING,-30.0,-24.0,0.0,0,,MOVING
477,7.9667,3.7347,-4.5,1.1773,0,,MOVING,4.5,-4.4976,0.0,1,AMR_01,WAITING,18.5,-4.5,0.0,0,,MOVING,-10.0,14.5,0.0,0,,MOVING,25.5,-24.0,0.0,0,,MOVING,-30.0,-24.0,0.0,0,,MOVING
478,7.9833,3.7539,-4.5,1.1479,0,,MOVING,4.5,-4.4976,0.0,1,AMR_01,WAITING,18.5,-4.5,0.0,0,,MOVING,-10.0,14.5,0.0,0,,MOVING,25.5,-24.0,0.0,0,,MOVING,-30.0,-24.0,0.0,0,,MOVING
479,8.0,3.7725,-4.5,1.1192,0,,MOVING,4.5,-4.4976,0.0,1,AMR_01,WAITING,18.5,-4.5,0.0,0,,MOVING,-10.0,14.5,0.0,0,,MOVING,25.5,-24.0,0.0,0,,MOVING,-30.0,-24.0,0.0,0,,MOVING
480,8.0167,3.7907,-4.5,1.0912,0,,MOVING,4.5,-4.4976,0.0,1,AMR_01,WAITING,18.5,-4.5,0.0,0,,MOVING,-10.0,14.5,0.0,0,,MOVING,25.5,-24.0,0.0,0,,MOVING,-30.0,-24.0,0.0,0,,MOVING
481,8.0333,3.8084,-4.5,1.0639,0,,MOVING,4.5,-4.4976,0.0,1,AMR_01,WAITING,18.5,-4.5,0.0,0,,MOVING,-10.0,14.5,0.0,0,,MOVING,25.5,-24.0,0.0,0,,MOVING,-30.0,-24.0,0.0,0,,MOVING
482,8.05,3.8257,-4.5,1.0373,0,,MOVING,4.5,-4.4976,0.0,1,AMR_01,WAITING,18.5,-4.5,0.0,0,,MOVING,-10.0,14.5,0.0,0,,MOVING,25.5,-24.0,0.0,0,,MOVING,-30.0,-24.0,0.0,0,,MOVING
483,8.0667,3.8426,-4.5,1.0114,0,,MOVING,4.5,-4.4976,0.0,1,AMR_01,WAITING,18.5,-4.5,0.0,0,,MOVING,-10.0,14.5,0.0,0,,MOVING,25.5,-24.0,0.0,0,,MOVING,-30.0,-24.0,0.0,0,,MOVING
484,8.0833,3.859,-4.5,0.9861,0,,MOVING,4.5,-4.4976,0.0,1,AMR_01,WAITING,18.5,-4.5,0.0,0,,MOVING,-10.0,14.5,0.0,0,,MOVING,25.5,-24.0,0.0,0,,MOVING,-30.0,-24.0,0.0,0,,MOVING
485,8.1,3.875,-4.5,0.9615,0,,MOVING,4.5,-4.4976,0.0,1,AMR_01,WAITING,18.5,-4.5,0.0,0,,MOVING,-10.0,14.5,0.0,0,,MOVING,25.5,-24.0,0.0,0,,MOVING,-30.0,-24.0,0.0,0,,MOVING
486,8.1167,3.8907,-4.5,0.9374,0,,MOVING,4.5,-4.4976,0.0,1,AMR_01,WAITING,18.5,-4.5,0.0,0,,MOVING,-10.0,14.5,0.0,0,,MOVING,25.5,-24.0,0.0,0,,MOVING,-30.0,-24.0,0.0,0,,MOVING
487,8.1333,3.9059,-4.5,0.914,0,,MOVING,4.5,-4.4976,0.0,1,AMR_01,WAITING,18.5,-4.5,0.0,0,,MOVING,-10.0,14.5,0.0,0,,MOVING,25.5,-24.0,0.0,0,,MOVING,-30.0,-24.0,0.0,0,,MOVING
488,8.15,3.9208,-4.5,0.8911,0,,MOVING,4.5,-4.4976,0.0,1,AMR_01,WAITING,18.5,-4.5,0.0,0,,MOVING,-10.0,14.5,0.0,0,,MOVING,25.5,-24.0,0.0,0,,MOVING,-30.0,-24.0,0.0,0,,MOVING
489,8.1667,3.9352,-4.5,0.8689,0,,MOVING,4.5,-4.4976,0.0,1,AMR_01,WAITING,18.5,-4.5,0.0,0,,MOVING,-10.0,14.5,0.0,0,,MOVING,25.5,-24.0,0.0,0,,MOVING,-30.0,-24.0,0.0,0,,MOVING
490,8.1833,3.9494,-4.5,0.8471,0,,MOVING,4.5,-4.4976,0.0,1,AMR_01,WAITING,18.5,-4.5,0.0,0,,MOVING,-10.0,14.5,0.0,0,,MOVING,25.5,-24.0,0.0,0,,MOVING,-30.0,-24.0,0.0,0,,MOVING
491,8.2,3.9631,-4.5,0.826,0,,MOVING,4.5,-4.4976,0.0,1,AMR_01,WAITING,18.5,-4.5,0.0,0,,MOVING,-10.0,14.5,0.0,0,,MOVING,25.5,-24.0,0.0,0,,MOVING,-30.0,-24.0,0.0,0,,MOVING
492,8.2167,3.9765,-4.5,0.8053,0,,MOVING,4.5,-4.4976,0.0,1,AMR_01,WAITING,18.5,-4.5,0.0,0,,MOVING,-10.0,14.5,0.0,0,,MOVING,25.5,-24.0,0.0,0,,MOVING,-30.0,-24.0,0.0,0,,MOVING
493,8.2333,3.9896,-4.5,0.7852,0,,MOVING,4.5,-4.4976,0.0,1,AMR_01,WAITING,18.5,-4.5,0.0,0,,MOVING,-10.0,14.5,0.0,0,,MOVING,25.5,-24.0,0.0,0,,MOVING,-30.0,-24.0,0.0,0,,MOVING
494,8.25,4.0024,-4.5,0.7656,0,,MOVING,4.5,-4.4976,0.0,1,AMR_01,WAITING,18.5,-4.5,0.0,0,,MOVING,-10.0,14.5,0.0,0,,MOVING,25.5,-24.0,0.0,0,,MOVING,-30.0,-24.0,0.0,0,,MOVING
495,8.2667,4.0148,-4.5,0.7464,0,,MOVING,4.5,-4.4976,0.0,1,AMR_01,WAITING,18.5,-4.5,0.0,0,,MOVING,-10.0,14.5,0.0,0,,MOVING,25.5,-24.0,0.0,0,,MOVING,-30.0,-24.0,0.0,0,,MOVING
496,8.2833,4.027,-4.5,0.7278,0,,MOVING,4.5,-4.4976,0.0,1,AMR_01,WAITING,18.5,-4.5,0.0,0,,MOVING,-10.0,14.5,0.0,0,,MOVING,25.5,-24.0,0.0,0,,MOVING,-30.0,-24.0,0.0,0,,MOVING
497,8.3,4.0388,-4.5,0.7096,0,,MOVING,4.5,-4.4976,0.0,1,AMR_01,WAITING,18.5,-4.5,0.0,0,,MOVING,-10.0,14.5,0.0,0,,MOVING,25.5,-24.0,0.0,0,,MOVING,-30.0,-24.0,0.0,0,,MOVING
498,8.3167,4.0503,-4.5,0.6918,0,,MOVING,4.5,-4.4976,0.0,1,AMR_01,WAITING,18.5,-4.5,0.0,0,,MOVING,-10.0,14.5,0.0,0,,MOVING,25.5,-24.0,0.0,0,,MOVING,-30.0,-24.0,0.0,0,,MOVING
499,8.3333,4.0616,-4.5,0.6745,0,,MOVING,4.5,-4.4976,0.0,1,AMR_01,WAITING,18.5,-4.5,0.0,0,,MOVING,-10.0,14.5,0.0,0,,MOVING,25.5,-24.0,0.0,0,,MOVING,-30.0,-24.0,0.0,0,,MOVING
500,8.35,4.0725,-4.5,0.6577,0,,MOVING,4.5,-4.4976,0.0,1,AMR_01,WAITING,18.5,-4.5,0.0,0,,MOVING,-10.0,14.5,0.0,0,,MOVING,25.5,-24.0,0.0,0,,MOVING,-30.0,-24.0,0.0,0,,MOVING
501,8.3667,4.0832,-4.5,0.6412,0,,MOVING,4.5,-4.4976,0.0,1,AMR_01,WAITING,18.5,-4.5,0.0,0,,MOVING,-10.0,14.5,0.0,0,,MOVING,25.5,-24.0,0.0,0,,MOVING,-30.0,-24.0,0.0,0,,MOVING
502,8.3833,4.0936,-4.5,0.6252,0,,MOVING,4.5,-4.4976,0.0,1,AMR_01,WAITING,18.5,-4.5,0.0,0,,MOVING,-10.0,14.5,0.0,0,,MOVING,25.5,-24.0,0.0,0,,MOVING,-30.0,-24.0,0.0,0,,MOVING
503,8.4,4.1038,-4.5,0.6096,0,,MOVING,4.5,-4.4976,0.0,1,AMR_01,WAITING,18.5,-4.5,0.0,0,,MOVING,-10.0,14.5,0.0,0,,MOVING,25.5,-24.0,0.0,0,,MOVING,-30.0,-24.0,0.0,0,,MOVING
504,8.4167,4.1137,-4.5,0.5943,0,,MOVING,4.5,-4.4976,0.0,1,AMR_01,WAITING,18.5,-4.5,0.0,0,,MOVING,-10.0,14.5,0.0,0,,MOVING,25.5,-24.0,0.0,0,,MOVING,-30.0,-24.0,0.0,0,,MOVING
505,8.4333,4.1233,-4.5,0.5795,0,,MOVING,4.5,-4.4976,0.0,1,AMR_01,WAITING,18.5,-4.5,0.0,0,,MOVING,-10.0,14.5,0.0,0,,MOVING,25.5,-24.0,0.0,0,,MOVING,-30.0,-24.0,0.0,0,,MOVING
506,8.45,4.1328,-4.5,0.565,0,,MOVING,4.5,-4.4976,0.0,1,AMR_01,WAITING,18.5,-4.5,0.0,0,,MOVING,-10.0,14.5,0.0,0,,MOVING,25.5,-24.0,0.0,0,,MOVING,-30.0,-24.0,0.0,0,,MOVING
507,8.4667,4.1419,-4.5,0.5509,0,,MOVING,4.5,-4.4976,0.0,1,AMR_01,WAITING,18.5,-4.5,0.0,0,,MOVING,-10.0,14.5,0.0,0,,MOVING,25.5,-24.0,0.0,0,,MOVING,-30.0,-24.0,0.0,0,,MOVING
508,8.4833,4.1509,-4.5,0.5371,0,,MOVING,4.5,-4.4976,0.0,1,AMR_01,WAITING,18.5,-4.5,0.0,0,,MOVING,-10.0,14.5,0.0,0,,MOVING,25.5,-24.0,0.0,0,,MOVING,-30.0,-24.0,0.0,0,,MOVING
509,8.5,4.1721,-4.5,1.2737,0,,MOVING,4.5,-4.4976,0.0,1,AMR_01,WAITING,18.5,-4.5,0.0,0,,MOVING,-10.0,14.5,0.0,0,,MOVING,25.5,-24.0,0.0,0,,MOVING,-30.0,-24.0,0.0,0,,MOVING
510,8.5167,4.1928,-4.5,1.2418,0,,MOVING,4.5,-4.4976,0.0,1,AMR_01,WAITING,18.5,-4.5,0.0,0,,MOVING,-10.0,14.5,0.0,0,,MOVING,25.5,-24.0,0.0,0,,MOVING,-30.0,-24.0,0.0,0,,MOVING
511,8.5333,4.213,-4.5,1.2108,0,,MOVING,4.5,-4.4976,0.0,1,AMR_01,WAITING,18.5,-4.5,0.0,0,,MOVING,-10.0,14.5,0.0,0,,MOVING,25.5,-24.0,0.0,0,,MOVING,-30.0,-24.0,0.0,0,,MOVING
512,8.55,4.2327,-4.5,1.1805,0,,MOVING,4.5,-4.4976,0.0,1,AMR_01,WAITING,18.5,-4.5,0.0,0,,MOVING,-10.0,14.5,0.0,0,,MOVING,25.5,-24.0,0.0,0,,MOVING,-30.0,-24.0,0.0,0,,MOVING
513,8.5667,4.2519,-4.5,1.151,0,,MOVING,4.5,-4.4976,0.0,1,AMR_01,WAITING,18.5,-4.5,0.0,0,,MOVING,-10.0,14.5,0.0,0,,MOVING,25.5,-24.0,0.0,0,,MOVING,-30.0,-24.0,0.0,0,,MOVING
514,8.5833,4.2706,-4.5,1.1222,0,,MOVING,4.5,-4.4976,0.0,1,AMR_01,WAITING,18.5,-4.5,0.0,0,,MOVING,-10.0,14.5,0.0,0,,MOVING,25.5,-24.0,0.0,0,,MOVING,-30.0,-24.0,0.0,0,,MOVING
515,8.6,4.2888,-4.5,1.0942,0,,MOVING,4.5,-4.4976,0.0,1,AMR_01,WAITING,18.5,-4.5,0.0,0,,MOVING,-10.0,14.5,0.0,0,,MOVING,25.5,-24.0,0.0,0,,MOVING,-30.0,-24.0,0.0,0,,MOVING
516,8.6167,4.3066,-4.5,1.0668,0,,MOVING,4.5,-4.4976,0.0,1,AMR_01,WAITING,18.5,-4.5,0.0,0,,MOVING,-10.0,14.5,0.0,0,,MOVING,25.5,-24.0,0.0,0,,MOVING,-30.0,-24.0,0.0,0,,MOVING
517,8.6333,4.3239,-4.5,1.0401,0,,MOVING,4.5,-4.4976,0.0,1,AMR_01,WAITING,18.5,-4.5,0.0,0,,MOVING,-10.0,14.5,0.0,0,,MOVING,25.5,-24.0,0.0,0,,MOVING,-30.0,-24.0,0.0,0,,MOVING
518,8.65,4.3408,-4.5,1.0141,0,,MOVING,4.5,-4.4976,0.0,1,AMR_01,WAITING,18.5,-4.5,0.0,0,,MOVING,-10.0,14.5,0.0,0,,MOVING,25.5,-24.0,0.0,0,,MOVING,-30.0,-24.0,0.0,0,,MOVING
519,8.6667,4.3573,-4.5,0.9888,0,,MOVING,4.5,-4.4976,0.0,1,AMR_01,WAITING,18.5,-4.5,0.0,0,,MOVING,-10.0,14.5,0.0,0,,MOVING,25.5,-24.0,0.0,0,,MOVING,-30.0,-24.0,0.0,0,,MOVING
520,8.6833,4.3734,-4.5,0.9641,0,,MOVING,4.5,-4.4976,0.0,1,AMR_01,WAITING,18.5,-4.5,0.0,0,,MOVING,-10.0,14.5,0.0,0,,MOVING,25.5,-24.0,0.0,0,,MOVING,-30.0,-24.0,0.0,0,,MOVING
521,8.7,4.389,-4.5,0.94,0,,MOVING,4.5,-4.4976,0.0,1,AMR_01,WAITING,18.5,-4.5,0.0,0,,MOVING,-10.0,14.5,0.0,0,,MOVING,25.5,-24.0,0.0,0,,MOVING,-30.0,-24.0,0.0,0,,MOVING
522,8.7167,4.4043,-4.5,0.9165,0,,MOVING,4.5,-4.4976,0.0,1,AMR_01,WAITING,18.5,-4.5,0.0,0,,MOVING,-10.0,14.5,0.0,0,,MOVING,25.5,-24.0,0.0,0,,MOVING,-30.0,-24.0,0.0,0,,MOVING
523,8.7333,4.4192,-4.5,0.8935,0,,MOVING,4.5,-4.4976,0.0,1,AMR_01,WAITING,18.5,-4.5,0.0,0,,MOVING,-10.0,14.5,0.0,0,,MOVING,25.5,-24.0,0.0,0,,MOVING,-30.0,-24.0,0.0,0,,MOVING
524,8.75,4.4337,-4.5,0.8712,0,,MOVING,4.5,-4.4976,0.0,1,AMR_01,WAITING,18.5,-4.5,0.0,0,,MOVING,-10.0,14.5,0.0,0,,MOVING,25.5,-24.0,0.0,0,,MOVING,-30.0,-24.0,0.0,0,,MOVING
525,8.7667,4.4479,-4.5,0.8494,0,,MOVING,4.5,-4.4976,0.0,1,AMR_01,WAITING,18.5,-4.5,0.0,0,,MOVING,-10.0,14.5,0.0,0,,MOVING,25.5,-24.0,0.0,0,,MOVING,-30.0,-24.0,0.0,0,,MOVING
526,8.7833,4.4617,-4.5,0.8282,0,,MOVING,4.5,-4.4976,0.0,1,AMR_01,WAITING,18.5,-4.5,0.0,0,,MOVING,-10.0,14.5,0.0,0,,MOVING,25.5,-24.0,0.0,0,,MOVING,-30.0,-24.0,0.0,0,,MOVING
527,8.8,4.4751,-4.5,0.8075,0,,MOVING,4.5,-4.4976,0.0,1,AMR_01,WAITING,18.5,-4.5,0.0,0,,MOVING,-10.0,14.5,0.0,0,,MOVING,25.5,-24.0,0.0,0,,MOVING,-30.0,-24.0,0.0,0,,MOVING
528,8.8167,4.4883,-4.5,0.7873,0,,MOVING,4.5,-4.4976,0.0,1,AMR_01,WAITING,18.5,-4.5,0.0,0,,MOVING,-10.0,14.5,0.0,0,,MOVING,25.5,-24.0,0.0,0,,MOVING,-30.0,-24.0,0.0,0,,MOVING
529,8.8333,4.501,-4.5,0.7676,0,,MOVING,4.5,-4.4976,0.0,1,AMR_01,WAITING,18.5,-4.5,0.0,0,,MOVING,-10.0,14.5,0.0,0,,MOVING,25.5,-24.0,0.0,0,,MOVING,-30.0,-24.0,0.0,0,,MOVING
530,8.85,4.5135,-4.5,0.7484,0,,MOVING,4.5,-4.4976,0.0,1,AMR_01,WAITING,18.5,-4.5,0.0,0,,MOVING,-10.0,14.5,0.0,0,,MOVING,25.5,-24.0,0.0,0,,MOVING,-30.0,-24.0,0.0,0,,MOVING
531,8.8667,4.5257,-4.5,0.7297,0,,MOVING,4.5,-4.4976,0.0,1,AMR_01,WAITING,18.5,-4.5,0.0,0,,MOVING,-10.0,14.5,0.0,0,,MOVING,25.5,-24.0,0.0,0,,MOVING,-30.0,-24.0,0.0,0,,MOVING
532,8.8833,4.5375,-4.5,0.7115,0,,MOVING,4.5,-4.4976,0.0,1,AMR_01,WAITING,18.5,-4.5,0.0,0,,MOVING,-10.0,14.5,0.0,0,,MOVING,25.5,-24.0,0.0,0,,MOVING,-30.0,-24.0,0.0,0,,MOVING
533,8.9,4.5491,-4.5,0.6937,0,,MOVING,4.5,-4.4976,0.0,1,AMR_01,WAITING,18.5,-4.5,0.0,0,,MOVING,-10.0,14.5,0.0,0,,MOVING,25.5,-24.0,0.0,0,,MOVING,-30.0,-24.0,0.0,0,,MOVING
534,8.9167,4.5604,-4.5,0.6763,0,,MOVING,4.5,-4.4976,0.0,1,AMR_01,WAITING,18.5,-4.5,0.0,0,,MOVING,-10.0,14.5,0.0,0,,MOVING,25.5,-24.0,0.0,0,,MOVING,-30.0,-24.0,0.0,0,,MOVING
535,8.9333,4.5714,-4.5,0.6594,0,,MOVING,4.5,-4.4976,0.0,1,AMR_01,WAITING,18.5,-4.5,0.0,0,,MOVING,-10.0,14.5,0.0,0,,MOVING,25.5,-24.0,0.0,0,,MOVING,-30.0,-24.0,0.0,0,,MOVING
536,8.95,4.5821,-4.5,0.6429,0,,MOVING,4.5,-4.4976,0.0,1,AMR_01,WAITING,18.5,-4.5,0.0,0,,MOVING,-10.0,14.5,0.0,0,,MOVING,25.5,-24.0,0.0,0,,MOVING,-30.0,-24.0,0.0,0,,MOVING
537,8.9667,4.5925,-4.5,0.6269,0,,MOVING,4.5,-4.4976,0.0,1,AMR_01,WAITING,18.5,-4.5,0.0,0,,MOVING,-10.0,14.5,0.0,0,,MOVING,25.5,-24.0,0.0,0,,MOVING,-30.0,-24.0,0.0,0,,MOVING
538,8.9833,4.6027,-4.5,0.6112,0,,MOVING,4.5,-4.4976,0.0,1,AMR_01,WAITING,18.5,-4.5,0.0,0,,MOVING,-10.0,14.5,0.0,0,,MOVING,25.5,-24.0,0.0,0,,MOVING,-30.0,-24.0,0.0,0,,MOVING
539,9.0,4.6126,-4.5,0.5959,0,,MOVING,4.5,-4.4976,0.0,1,AMR_01,WAITING,18.5,-4.5,0.0,0,,MOVING,-10.0,14.5,0.0,0,,MOVING,25.5,-24.0,0.0,0,,MOVING,-30.0,-24.0,0.0,0,,MOVING
540,9.0167,4.6223,-4.5,0.581,0,,MOVING,4.5,-4.4976,0.0,1,AMR_01,WAITING,18.5,-4.5,0.0,0,,MOVING,-10.0,14.5,0.0,0,,MOVING,25.5,-24.0,0.0,0,,MOVING,-30.0,-24.0,0.0,0,,MOVING
541,9.0333,4.6318,-4.5,0.5665,0,,MOVING,4.5,-4.4976,0.0,1,AMR_01,WAITING,18.5,-4.5,0.0,0,,MOVING,-10.0,14.5,0.0,0,,MOVING,25.5,-24.0,0.0,0,,MOVING,-30.0,-24.0,0.0,0,,MOVING
542,9.05,4.641,-4.5,0.5523,0,,MOVING,4.5,-4.4976,0.0,1,AMR_01,WAITING,18.5,-4.5,0.0,0,,MOVING,-10.0,14.5,0.0,0,,MOVING,25.5,-24.0,0.0,0,,MOVING,-30.0,-24.0,0.0,0,,MOVING
543,9.0667,4.65,-4.5,0.5385,0,,MOVING,4.5,-4.4976,0.0,1,AMR_01,WAITING,18.5,-4.5,0.0,0,,MOVING,-10.0,14.5,0.0,0,,MOVING,25.5,-24.0,0.0,0,,MOVING,-30.0,-24.0,0.0,0,,MOVING
544,9.0833,4.6587,-4.5,0.5251,0,,MOVING,4.5,-4.4976,0.0,1,AMR_01,WAITING,18.5,-4.5,0.0,0,,MOVING,-10.0,14.5,0.0,0,,MOVING,25.5,-24.0,0.0,0,,MOVING,-30.0,-24.0,0.0,0,,MOVING
545,9.1,4.6797,-4.5,1.2619,0,,MOVING,4.5,-4.4976,0.0,1,AMR_01,WAITING,18.5,-4.5,0.0,0,,MOVING,-10.0,14.5,0.0,0,,MOVING,25.5,-24.0,0.0,0,,MOVING,-30.0,-24.0,0.0,0,,MOVING
546,9.1167,4.7002,-4.5,1.2304,0,,MOVING,4.5,-4.4976,0.0,1,AMR_01,WAITING,18.5,-4.5,0.0,0,,MOVING,-10.0,14.5,0.0,0,,MOVING,25.5,-24.0,0.0,0,,MOVING,-30.0,-24.0,0.0,0,,MOVING
547,9.1333,4.7202,-4.5,1.1996,0,,MOVING,4.5,-4.4976,0.0,1,AMR_01,WAITING,18.5,-4.5,0.0,0,,MOVING,-10.0,14.5,0.0,0,,MOVING,25.5,-24.0,0.0,0,,MOVING,-30.0,-24.0,0.0,0,,MOVING
548,9.15,4.7397,-4.5,1.1696,0,,MOVING,4.5,-4.4976,0.0,1,AMR_01,WAITING,18.5,-4.5,0.0,0,,MOVING,-10.0,14.5,0.0,0,,MOVING,25.5,-24.0,0.0,0,,MOVING,-30.0,-24.0,0.0,0,,MOVING
549,9.1667,4.7587,-4.5,1.1404,0,,MOVING,4.5,-4.4976,0.0,1,AMR_01,WAITING,18.5,-4.5,0.0,0,,MOVING,-10.0,14.5,0.0,0,,MOVING,25.5,-24.0,0.0,0,,MOVING,-30.0,-24.0,0.0,0,,MOVING
550,9.1833,4.7773,-4.5,1.1119,0,,MOVING,4.5,-4.4976,0.0,1,AMR_01,WAITING,18.5,-4.5,0.0,0,,MOVING,-10.0,14.5,0.0,0,,MOVING,25.5,-24.0,0.0,0,,MOVING,-30.0,-24.0,0.0,0,,MOVING
551,9.2,4.7953,-4.5,1.0841,0,,MOVING,4.5,-4.4976,0.0,1,AMR_01,WAITING,18.5,-4.5,0.0,0,,MOVING,-10.0,14.5,0.0,0,,MOVING,25.5,-24.0,0.0,0,,MOVING,-30.0,-24.0,0.0,0,,MOVING
552,9.2167,4.813,-4.5,1.057,0,,MOVING,4.5,-4.4976,0.0,1,AMR_01,WAITING,18.5,-4.5,0.0,0,,MOVING,-10.0,14.5,0.0,0,,MOVING,25.5,-24.0,0.0,0,,MOVING,-30.0,-24.0,0.0,0,,MOVING
553,9.2333,4.8301,-4.5,1.0306,0,,MOVING,4.5,-4.4976,0.0,1,AMR_01,WAITING,18.5,-4.5,0.0,0,,MOVING,-10.0,14.5,0.0,0,,MOVING,25.5,-24.0,0.0,0,,MOVING,-30.0,-24.0,0.0,0,,MOVING
554,9.25,4.8469,-4.5,1.0048,0,,MOVING,4.5,-4.4976,0.0,1,AMR_01,WAITING,18.5,-4.5,0.0,0,,MOVING,-10.0,14.5,0.0,0,,MOVING,25.5,-24.0,0.0,0,,MOVING,-30.0,-24.0,0.0,0,,MOVING
555,9.2667,4.8632,-4.5,0.9797,0,,MOVING,4.5,-4.4976,0.0,1,AMR_01,WAITING,18.5,-4.5,0.0,0,,MOVING,-10.0,14.5,0.0,0,,MOVING,25.5,-24.0,0.0,0,,MOVING,-30.0,-24.0,0.0,0,,MOVING
556,9.2833,4.8791,-4.5,0.9552,0,,MOVING,4.5,-4.4976,0.0,1,AMR_01,WAITING,18.5,-4.5,0.0,0,,MOVING,-10.0,14.5,0.0,0,,MOVING,25.5,-24.0,0.0,0,,MOVING,-30.0,-24.0,0.0,0,,MOVING
557,9.3,4.8946,-4.5,0.9313,0,,MOVING,4.5,-4.4976,0.0,1,AMR_01,WAITING,18.5,-4.5,0.0,0,,MOVING,-10.0,14.5,0.0,0,,MOVING,25.5,-24.0,0.0,0,,MOVING,-30.0,-24.0,0.0,0,,MOVING
558,9.3167,4.9098,-4.5,0.908,0,,MOVING,4.5,-4.4976,0.0,1,AMR_01,WAITING,18.5,-4.5,0.0,0,,MOVING,-10.0,14.5,0.0,0,,MOVING,25.5,-24.0,0.0,0,,MOVING,-30.0,-24.0,0.0,0,,MOVING
559,9.3333,4.9245,-4.5,0.8853,0,,MOVING,4.5,-4.4976,0.0,1,AMR_01,WAITING,18.5,-4.5,0.0,0,,MOVING,-10.0,14.5,0.0,0,,MOVING,25.5,-24.0,0.0,0,,MOVING,-30.0,-24.0,0.0,0,,MOVING
560,9.35,4.9389,-4.5,0.8632,0,,MOVING,4.5,-4.4976,0.0,1,AMR_01,WAITING,18.5,-4.5,0.0,0,,MOVING,-10.0,14.5,0.0,0,,MOVING,25.5,-24.0,0.0,0,,MOVING,-30.0,-24.0,0.0,0,,MOVING
561,9.3667,4.953,-4.5,0.8416,0,,MOVING,4.5,-4.4976,0.0,1,AMR_01,WAITING,18.5,-4.5,0.0,0,,MOVING,-10.0,14.5,0.0,0,,MOVING,25.5,-24.0,0.0,0,,MOVING,-30.0,-24.0,0.0,0,,MOVING
562,9.3833,4.9666,-4.5,0.8206,0,,MOVING,4.5,-4.4976,0.0,1,AMR_01,WAITING,18.5,-4.5,0.0,0,,MOVING,-10.0,14.5,0.0,0,,MOVING,25.5,-24.0,0.0,0,,MOVING,-30.0,-24.0,0.0,0,,MOVING
563,9.4,4.98,-4.5,0.8001,0,,MOVING,4.5,-4.4976,0.0,1,AMR_01,WAITING,18.5,-4.5,0.0,0,,MOVING,-10.0,14.5,0.0,0,,MOVING,25.5,-24.0,0.0,0,,MOVING,-30.0,-24.0,0.0,0,,MOVING
564,9.4167,4.993,-4.5,0.7801,0,,MOVING,4.5,-4.4976,0.0,1,AMR_01,WAITING,18.5,-4.5,0.0,0,,MOVING,-10.0,14.5,0.0,0,,MOVING,25.5,-24.0,0.0,0,,MOVING,-30.0,-24.0,0.0,0,,MOVING
565,9.4333,5.0056,-4.5,0.7606,0,,MOVING,4.5,-4.4976,0.0,1,AMR_01,WAITING,18.5,-4.5,0.0,0,,MOVING,-10.0,14.5,0.0,0,,MOVING,25.5,-24.0,0.0,0,,MOVING,-30.0,-24.0,0.0,0,,MOVING
566,9.45,5.018,-4.5,0.7415,0,,MOVING,4.5,-4.4976,0.0,1,AMR_01,WAITING,18.5,-4.5,0.0,0,,MOVING,-10.0,14.5,0.0,0,,MOVING,25.5,-24.0,0.0,0,,MOVING,-30.0,-24.0,0.0,0,,MOVING
567,9.4667,5.03,-4.5,0.723,0,,MOVING,4.5,-4.4976,0.0,1,AMR_01,WAITING,18.5,-4.5,0.0,0,,MOVING,-10.0,14.5,0.0,0,,MOVING,25.5,-24.0,0.0,0,,MOVING,-30.0,-24.0,0.0,0,,MOVING
568,9.4833,5.0418,-4.5,0.7049,0,,MOVING,4.5,-4.4976,0.0,1,AMR_01,WAITING,18.5,-4.5,0.0,0,,MOVING,-10.0,14.5,0.0,0,,MOVING,25.5,-24.0,0.0,0,,MOVING,-30.0,-24.0,0.0,0,,MOVING
569,9.5,5.0533,-4.5,0.6873,0,,MOVING,4.5,-4.4976,0.0,1,AMR_01,WAITING,18.5,-4.5,0.0,0,,MOVING,-10.0,14.5,0.0,0,,MOVING,25.5,-24.0,0.0,0,,MOVING,-30.0,-24.0,0.0,0,,MOVING
570,9.5167,5.0644,-4.5,0.6701,0,,MOVING,4.5,-4.4976,0.0,1,AMR_01,WAITING,18.5,-4.5,0.0,0,,MOVING,-10.0,14.5,0.0,0,,MOVING,25.5,-24.0,0.0,0,,MOVING,-30.0,-24.0,0.0,0,,MOVING
571,9.5333,5.0753,-4.5,0.6534,0,,MOVING,4.5,-4.4976,0.0,1,AMR_01,WAITING,18.5,-4.5,0.0,0,,MOVING,-10.0,14.5,0.0,0,,MOVING,25.5,-24.0,0.0,0,,MOVING,-30.0,-24.0,0.0,0,,MOVING
572,9.55,5.0859,-4.5,0.637,0,,MOVING,4.5,-4.4976,0.0,1,AMR_01,WAITING,18.5,-4.5,0.0,0,,MOVING,-10.0,14.5,0.0,0,,MOVING,25.5,-24.0,0.0,0,,MOVING,-30.0,-24.0,0.0,0,,MOVING
573,9.5667,5.0963,-4.5,0.6211,0,,MOVING,4.5,-4.4976,0.0,1,AMR_01,WAITING,18.5,-4.5,0.0,0,,MOVING,-10.0,14.5,0.0,0,,MOVING,25.5,-24.0,0.0,0,,MOVING,-30.0,-24.0,0.0,0,,MOVING
574,9.5833,5.1064,-4.5,0.6056,0,,MOVING,4.5,-4.4976,0.0,1,AMR_01,WAITING,18.5,-4.5,0.0,0,,MOVING,-10.0,14.5,0.0,0,,MOVING,25.5,-24.0,0.0,0,,MOVING,-30.0,-24.0,0.0,0,,MOVING
575,9.6,5.1162,-4.5,0.5904,0,,MOVING,4.5,-4.4976,0.0,1,AMR_01,WAITING,18.5,-4.5,0.0,0,,MOVING,-10.0,14.5,0.0,0,,MOVING,25.5,-24.0,0.0,0,,MOVING,-30.0,-24.0,0.0,0,,MOVING
576,9.6167,5.1258,-4.5,0.5757,0,,MOVING,4.5,-4.4976,0.0,1,AMR_01,WAITING,18.5,-4.5,0.0,0,,MOVING,-10.0,14.5,0.0,0,,MOVING,25.5,-24.0,0.0,0,,MOVING,-30.0,-24.0,0.0,0,,MOVING
577,9.6333,5.1352,-4.5,0.5613,0,,MOVING,4.5,-4.4976,0.0,1,AMR_01,WAITING,18.5,-4.5,0.0,0,,MOVING,-10.0,14.5,0.0,0,,MOVING,25.5,-24.0,0.0,0,,MOVING,-30.0,-24.0,0.0,0,,MOVING
578,9.65,5.1443,-4.5,0.5473,0,,MOVING,4.5,-4.4976,0.0,1,AMR_01,WAITING,18.5,-4.5,0.0,0,,MOVING,-10.0,14.5,0.0,0,,MOVING,25.5,-24.0,0.0,0,,MOVING,-30.0,-24.0,0.0,0,,MOVING
579,9.6667,5.1532,-4.5,0.5336,0,,MOVING,4.5,-4.4976,0.0,1,AMR_01,WAITING,18.5,-4.5,0.0,0,,MOVING,-10.0,14.5,0.0,0,,MOVING,25.5,-24.0,0.0,0,,MOVING,-30.0,-24.0,0.0,0,,MOVING
580,9.6833,5.1743,-4.5,1.2702,0,,MOVING,4.5,-4.4976,0.0,1,AMR_01,WAITING,18.5,-4.5,0.0,0,,MOVING,-10.0,14.5,0.0,0,,MOVING,25.5,-24.0,0.0,0,,MOVING,-30.0,-24.0,0.0,0,,MOVING
581,9.7,5.195,-4.5,1.2385,0,,MOVING,4.5,-4.4976,0.0,1,AMR_01,WAITING,18.5,-4.5,0.0,0,,MOVING,-10.0,14.5,0.0,0,,MOVING,25.5,-24.0,0.0,0,,MOVING,-30.0,-24.0,0.0,0,,MOVING
582,9.7167,5.2151,-4.5,1.2075,0,,MOVING,4.5,-4.4976,0.0,1,AMR_01,WAITING,18.5,-4.5,0.0,0,,MOVING,-10.0,14.5,0.0,0,,MOVING,25.5,-24.0,0.0,0,,MOVING,-30.0,-24.0,0.0,0,,MOVING
583,9.7333,5.2347,-4.5,1.1773,0,,MOVING,4.5,-4.4976,0.0,1,AMR_01,WAITING,18.5,-4.5,0.0,0,,MOVING,-10.0,14.5,0.0,0,,MOVING,25.5,-24.0,0.0,0,,MOVING,-30.0,-24.0,0.0,0,,MOVING
584,9.75,5.2539,-4.5,1.1479,0,,MOVING,4.5,-4.4976,0.0,1,AMR_01,WAITING,18.5,-4.5,0.0,0,,MOVING,-10.0,14.5,0.0,0,,MOVING,25.5,-24.0,0.0,0,,MOVING,-30.0,-24.0,0.0,0,,MOVING
585,9.7667,5.2725,-4.5,1.1192,0,,MOVING,4.5,-4.4976,0.0,1,AMR_01,WAITING,18.5,-4.5,0.0,0,,MOVING,-10.0,14.5,0.0,0,,MOVING,25.5,-24.0,0.0,0,,MOVING,-30.0,-24.0,0.0,0,,MOVING
586,9.7833,5.2907,-4.5,1.0912,0,,MOVING,4.5,-4.4976,0.0,1,AMR_01,WAITING,18.5,-4.5,0.0,0,,MOVING,-10.0,14.5,0.0,0,,MOVING,25.5,-24.0,0.0,0,,MOVING,-30.0,-24.0,0.0,0,,MOVING
587,9.8,5.3084,-4.5,1.0639,0,,MOVING,4.5,-4.4976,0.0,1,AMR_01,WAITING,18.5,-4.5,0.0,0,,MOVING,-10.0,14.5,0.0,0,,MOVING,25.5,-24.0,0.0,0,,MOVING,-30.0,-24.0,0.0,0,,MOVING
588,9.8167,5.3257,-4.5,1.0373,0,,MOVING,4.5,-4.4976,0.0,1,AMR_01,WAITING,18.5,-4.5,0.0,0,,MOVING,-10.0,14.5,0.0,0,,MOVING,25.5,-24.0,0.0,0,,MOVING,-30.0,-24.0,0.0,0,,MOVING
589,9.8333,5.3426,-4.5,1.0114,0,,MOVING,4.5,-4.4976,0.0,1,AMR_01,WAITING,18.5,-4.5,0.0,0,,MOVING,-10.0,14.5,0.0,0,,MOVING,25.5,-24.0,0.0,0,,MOVING,-30.0,-24.0,0.0,0,,MOVING
590,9.85,5.359,-4.5,0.9861,0,,MOVING,4.5,-4.4976,0.0,1,AMR_01,WAITING,18.5,-4.5,0.0,0,,MOVING,-10.0,14.5,0.0,0,,MOVING,25.5,-24.0,0.0,0,,MOVING,-30.0,-24.0,0.0,0,,MOVING
591,9.8667,5.375,-4.5,0.9615,0,,MOVING,4.5,-4.4976,0.0,1,AMR_01,WAITING,18.5,-4.5,0.0,0,,MOVING,-10.0,14.5,0.0,0,,MOVING,25.5,-24.0,0.0,0,,MOVING,-30.0,-24.0,0.0,0,,MOVING
592,9.8833,5.3907,-4.5,0.9374,0,,MOVING,4.5,-4.4976,0.0,1,AMR_01,WAITING,18.5,-4.5,0.0,0,,MOVING,-10.0,14.5,0.0,0,,MOVING,25.5,-24.0,0.0,0,,MOVING,-30.0,-24.0,0.0,0,,MOVING
593,9.9,5.4059,-4.5,0.914,0,,MOVING,4.5,-4.4976,0.0,1,AMR_01,WAITING,18.5,-4.5,0.0,0,,MOVING,-10.0,14.5,0.0,0,,MOVING,25.5,-24.0,0.0,0,,MOVING,-30.0,-24.0,0.0,0,,MOVING
594,9.9167,5.4208,-4.5,0.8911,0,,MOVING,4.5,-4.4976,0.0,1,AMR_01,WAITING,18.5,-4.5,0.0,0,,MOVING,-10.0,14.5,0.0,0,,MOVING,25.5,-24.0,0.0,0,,MOVING,-30.0,-24.0,0.0,0,,MOVING
595,9.9333,5.4352,-4.5,0.8689,0,,MOVING,4.5,-4.4976,0.0,1,AMR_01,WAITING,18.5,-4.5,0.0,0,,MOVING,-10.0,14.5,0.0,0,,MOVING,25.5,-24.0,0.0,0,,MOVING,-30.0,-24.0,0.0,0,,MOVING
596,9.95,5.4494,-4.5,0.8471,0,,MOVING,4.5,-4.4976,0.0,1,AMR_01,WAITING,18.5,-4.5,0.0,0,,MOVING,-10.0,14.5,0.0,0,,MOVING,25.5,-24.0,0.0,0,,MOVING,-30.0,-24.0,0.0,0,,MOVING
597,9.9667,5.4631,-4.5,0.826,0,,MOVING,4.5,-4.4976,0.0,1,AMR_01,WAITING,18.5,-4.5,0.0,0,,MOVING,-10.0,14.5,0.0,0,,MOVING,25.5,-24.0,0.0,0,,MOVING,-30.0,-24.0,0.0,0,,MOVING
598,9.9833,5.4765,-4.5,0.8053,0,,MOVING,4.5,-4.4976,0.0,1,AMR_01,WAITING,18.5,-4.5,0.0,0,,MOVING,-10.0,14.5,0.0,0,,MOVING,25.5,-24.0,0.0,0,,MOVING,-30.0,-24.0,0.0,0,,MOVING
599,10.0,5.4896,-4.5,0.7852,0,,MOVING,4.5,-4.4976,0.0,1,AMR_01,WAITING,18.5,-4.5,0.0,0,,MOVING,-10.0,14.5,0.0,0,,MOVING,25.5,-24.0,0.0,0,,MOVING,-30.0,-24.0,0.0,0,,MOVING
600,10.0167,5.5024,-4.5,0.7656,0,,MOVING,4.5,-4.4976,0.0,1,AMR_01,WAITING,18.5,-4.5,0.0,0,,MOVING,-10.0,14.5,0.0,0,,MOVING,25.5,-24.0,0.0,0,,MOVING,-30.0,-24.0,0.0,0,,MOVING
601,10.0333,5.5148,-4.5,0.7464,0,,MOVING,4.5,-4.4976,0.0,1,AMR_01,WAITING,18.5,-4.5,0.0,0,,MOVING,-10.0,14.5,0.0,0,,MOVING,25.5,-24.0,0.0,0,,MOVING,-30.0,-24.0,0.0,0,,MOVING
602,10.05,5.527,-4.5,0.7278,0,,MOVING,4.5,-4.4976,0.0,1,AMR_01,WAITING,18.5,-4.5,0.0,0,,MOVING,-10.0,14.5,0.0,0,,MOVING,25.5,-24.0,0.0,0,,MOVING,-30.0,-24.0,0.0,0,,MOVING
603,10.0667,5.5388,-4.5,0.7096,0,,MOVING,4.5,-4.4976,0.0,1,AMR_01,WAITING,18.5,-4.5,0.0,0,,MOVING,-10.0,14.5,0.0,0,,MOVING,25.5,-24.0,0.0,0,,MOVING,-30.0,-24.0,0.0,0,,MOVING
604,10.0833,5.5503,-4.5,0.6918,0,,MOVING,4.5,-4.4976,0.0,1,AMR_01,WAITING,18.5,-4.5,0.0,0,,MOVING,-10.0,14.5,0.0,0,,MOVING,25.5,-24.0,0.0,0,,MOVING,-30.0,-24.0,0.0,0,,MOVING
605,10.1,5.5616,-4.5,0.6745,0,,MOVING,4.5,-4.4976,0.0,1,AMR_01,WAITING,18.5,-4.5,0.0,0,,MOVING,-10.0,14.5,0.0,0,,MOVING,25.5,-24.0,0.0,0,,MOVING,-30.0,-24.0,0.0,0,,MOVING
606,10.1167,5.5725,-4.5,0.6577,0,,MOVING,4.5,-4.4976,0.0,1,AMR_01,WAITING,18.5,-4.5,0.0,0,,MOVING,-10.0,14.5,0.0,0,,MOVING,25.5,-24.0,0.0,0,,MOVING,-30.0,-24.0,0.0,0,,MOVING
607,10.1333,5.5832,-4.5,0.6412,0,,MOVING,4.5,-4.4976,0.0,1,AMR_01,WAITING,18.5,-4.5,0.0,0,,MOVING,-10.0,14.5,0.0,0,,MOVING,25.5,-24.0,0.0,0,,MOVING,-30.0,-24.0,0.0,0,,MOVING
608,10.15,5.5936,-4.5,0.6252,0,,MOVING,4.5,-4.4976,0.0,1,AMR_01,WAITING,18.5,-4.5,0.0,0,,MOVING,-10.0,14.5,0.0,0,,MOVING,25.5,-24.0,0.0,0,,MOVING,-30.0,-24.0,0.0,0,,MOVING
609,10.1667,5.5936,-4.5,0.0,0,AMR_02,MOVING,4.5,-4.4976,0.0,1,AMR_01,WAITING,18.5,-4.5,0.0,0,,MOVING,-10.0,14.5,0.0,0,,MOVING,25.5,-24.0,0.0,0,,MOVING,-30.0,-24.0,0.0,0,,MOVING
610,10.1833,5.5936,-4.5,0.0,0,,MOVING,4.5,-4.4976,0.0,1,AMR_01,WAITING,18.5,-4.5,0.0,0,,MOVING,-10.0,14.5,0.0,0,,MOVING,25.5,-24.0,0.0,0,,MOVING,-30.0,-24.0,0.0,0,,MOVING
611,10.2,5.5936,-4.5,0.0,0,,MOVING,4.5,-4.4976,0.0,1,AMR_01,WAITING,18.5,-4.5,0.0,0,,MOVING,-10.0,14.5,0.0,0,,MOVING,25.5,-24.0,0.0,0,,MOVING,-30.0,-24.0,0.0,0,,MOVING
612,10.2167,5.5936,-4.5,0.0,0,,MOVING,4.5,-4.4976,0.0,1,AMR_01,WAITING,18.5,-4.5,0.0,0,,MOVING,-10.0,14.5,0.0,0,,MOVING,25.5,-24.0,0.0,0,,MOVING,-30.0,-24.0,0.0,0,,MOVING
613,10.2333,5.5936,-4.5,0.0,0,,MOVING,4.5,-4.4976,0.0,1,AMR_01,WAITING,18.5,-4.5,0.0,0,,MOVING,-10.0,14.5,0.0,0,,MOVING,25.5,-24.0,0.0,0,,MOVING,-30.0,-24.0,0.0,0,,MOVING
614,10.25,5.5936,-4.5,0.0,0,,MOVING,4.5,-4.4976,0.0,1,AMR_01,WAITING,18.5,-4.5,0.0,0,,MOVING,-10.0,14.5,0.0,0,,MOVING,25.5,-24.0,0.0,0,,MOVING,-30.0,-24.0,0.0,0,,MOVING
615,10.2667,5.5936,-4.5,0.0,0,,MOVING,4.5,-4.4976,0.0,1,AMR_01,WAITING,18.5,-4.5,0.0,0,,MOVING,-10.0,14.5,0.0,0,,MOVING,25.5,-24.0,0.0,0,,MOVING,-30.0,-24.0,0.0,0,,MOVING
616,10.2833,5.5936,-4.5,0.0,0,,MOVING,4.5,-4.4976,0.0,1,AMR_01,WAITING,18.5,-4.5,0.0,0,,MOVING,-10.0,14.5,0.0,0,,MOVING,25.5,-24.0,0.0,0,,MOVING,-30.0,-24.0,0.0,0,,MOVING
617,10.3,5.5936,-4.5,0.0,0,,MOVING,4.5,-4.4976,0.0,1,AMR_01,WAITING,18.5,-4.5,0.0,0,,MOVING,-10.0,14.5,0.0,0,,MOVING,25.5,-24.0,0.0,0,,MOVING,-30.0,-24.0,0.0,0,,MOVING
618,10.3167,5.5936,-4.5,0.0,0,,MOVING,4.5,-4.4976,0.0,1,AMR_01,WAITING,18.5,-4.5,0.0,0,,MOVING,-10.0,14.5,0.0,0,,MOVING,25.5,-24.0,0.0,0,,MOVING,-30.0,-24.0,0.0,0,,MOVING
619,10.3333,5.5936,-4.5,0.0,0,,MOVING,4.5,-4.4976,0.0,1,AMR_01,WAITING,18.5,-4.5,0.0,0,,MOVING,-10.0,14.5,0.0,0,,MOVING,25.5,-24.0,0.0,0,,MOVING,-30.0,-24.0,0.0,0,,MOVING
620,10.35,5.5936,-4.5,0.0,0,,MOVING,4.5,-4.4976,0.0,1,AMR_01,WAITING,18.5,-4.5,0.0,0,,MOVING,-10.0,14.5,0.0,0,,MOVING,25.5,-24.0,0.0,0,,MOVING,-30.0,-24.0,0.0,0,,MOVING
621,10.3667,5.5936,-4.5,0.0,0,,MOVING,4.5,-4.4976,0.0,1,AMR_01,WAITING,18.5,-4.5,0.0,0,,MOVING,-10.0,14.5,0.0,0,,MOVING,25.5,-24.0,0.0,0,,MOVING,-30.0,-24.0,0.0,0,,MOVING
622,10.3833,5.5936,-4.5,0.0,0,,MOVING,4.5,-4.4976,0.0,1,AMR_01,WAITING,18.5,-4.5,0.0,0,,MOVING,-10.0,14.5,0.0,0,,MOVING,25.5,-24.0,0.0,0,,MOVING,-30.0,-24.0,0.0,0,,MOVING
623,10.4,5.5936,-4.5,0.0,0,,MOVING,4.5,-4.4976,0.0,1,AMR_01,WAITING,18.5,-4.5,0.0,0,,MOVING,-10.0,14.5,0.0,0,,MOVING,25.5,-24.0,0.0,0,,MOVING,-30.0,-24.0,0.0,0,,MOVING
624,10.4167,5.5936,-4.5,0.0,0,,MOVING,4.5,-4.4976,0.0,1,AMR_01,WAITING,18.5,-4.5,0.0,0,,MOVING,-10.0,14.5,0.0,0,,MOVING,25.5,-24.0,0.0,0,,MOVING,-30.0,-24.0,0.0,0,,MOVING
625,10.4333,5.5936,-4.5,0.0,0,,MOVING,4.5,-4.4976,0.0,1,AMR_01,WAITING,18.5,-4.5,0.0,0,,MOVING,-10.0,14.5,0.0,0,,MOVING,25.5,-24.0,0.0,0,,MOVING,-30.0,-24.0,0.0,0,,MOVING
626,10.45,5.5936,-4.5,0.0,0,,MOVING,4.5,-4.4976,0.0,1,AMR_01,WAITING,18.5,-4.5,0.0,0,,MOVING,-10.0,14.5,0.0,0,,MOVING,25.5,-24.0,0.0,0,,MOVING,-30.0,-24.0,0.0,0,,MOVING
627,10.4667,5.5936,-4.5,0.0,0,,MOVING,4.5,-4.4976,0.0,1,AMR_01,WAITING,18.5,-4.5,0.0,0,,MOVING,-10.0,14.5,0.0,0,,MOVING,25.5,-24.0,0.0,0,,MOVING,-30.0,-24.0,0.0,0,,MOVING
628,10.4833,5.5936,-4.5,0.0,0,,MOVING,4.5,-4.4976,0.0,1,AMR_01,WAITING,18.5,-4.5,0.0,0,,MOVING,-10.0,14.5,0.0,0,,MOVING,25.5,-24.0,0.0,0,,MOVING,-30.0,-24.0,0.0,0,,MOVING
629,10.5,5.5936,-4.5,0.0,0,,MOVING,4.5,-4.4976,0.0,1,AMR_01,WAITING,18.5,-4.5,0.0,0,,MOVING,-10.0,14.5,0.0,0,,MOVING,25.5,-24.0,0.0,0,,MOVING,-30.0,-24.0,0.0,0,,MOVING
630,10.5167,5.5936,-4.5,0.0,0,,MOVING,4.5,-4.4976,0.0,1,AMR_01,WAITING,18.5,-4.5,0.0,0,,MOVING,-10.0,14.5,0.0,0,,MOVING,25.5,-24.0,0.0,0,,MOVING,-30.0,-24.0,0.0,0,,MOVING
631,10.5333,5.5936,-4.5,0.0,0,,MOVING,4.5,-4.4976,0.0,1,AMR_01,WAITING,18.5,-4.5,0.0,0,,MOVING,-10.0,14.5,0.0,0,,MOVING,25.5,-24.0,0.0,0,,MOVING,-30.0,-24.0,0.0,0,,MOVING
632,10.55,5.5936,-4.5,0.0,0,,MOVING,4.5,-4.4976,0.0,1,AMR_01,WAITING,18.5,-4.5,0.0,0,,MOVING,-10.0,14.5,0.0,0,,MOVING,25.5,-24.0,0.0,0,,MOVING,-30.0,-24.0,0.0,0,,MOVING
633,10.5667,5.5936,-4.5,0.0,0,,MOVING,4.5,-4.4976,0.0,1,AMR_01,WAITING,18.5,-4.5,0.0,0,,MOVING,-10.0,14.5,0.0,0,,MOVING,25.5,-24.0,0.0,0,,MOVING,-30.0,-24.0,0.0,0,,MOVING
634,10.5833,5.5936,-4.5,0.0,0,,MOVING,4.5,-4.4976,0.0,1,AMR_01,WAITING,18.5,-4.5,0.0,0,,MOVING,-10.0,14.5,0.0,0,,MOVING,25.5,-24.0,0.0,0,,MOVING,-30.0,-24.0,0.0,0,,MOVING
635,10.6,5.5936,-4.5,0.0,0,,MOVING,4.5,-4.4976,0.0,1,AMR_01,WAITING,18.5,-4.5,0.0,0,,MOVING,-10.0,14.5,0.0,0,,MOVING,25.5,-24.0,0.0,0,,MOVING,-30.0,-24.0,0.0,0,,MOVING
636,10.6167,5.5936,-4.5,0.0,0,,MOVING,4.5,-4.4976,0.0,1,AMR_01,WAITING,18.5,-4.5,0.0,0,,MOVING,-10.0,14.5,0.0,0,,MOVING,25.5,-24.0,0.0,0,,MOVING,-30.0,-24.0,0.0,0,,MOVING
637,10.6333,5.5936,-4.5,0.0,0,,MOVING,4.5,-4.4976,0.0,1,AMR_01,WAITING,18.5,-4.5,0.0,0,,MOVING,-10.0,14.5,0.0,0,,MOVING,25.5,-24.0,0.0,0,,MOVING,-30.0,-24.0,0.0,0,,MOVING
638,10.65,5.5936,-4.5,0.0,0,,MOVING,4.5,-4.4976,0.0,1,AMR_01,WAITING,18.5,-4.5,0.0,0,,MOVING,-10.0,14.5,0.0,0,,MOVING,25.5,-24.0,0.0,0,,MOVING,-30.0,-24.0,0.0,0,,MOVING
639,10.6667,5.5936,-4.5,0.0,0,,MOVING,4.5,-4.4976,0.0,1,AMR_01,WAITING,18.5,-4.5,0.0,0,,MOVING,-10.0,14.5,0.0,0,,MOVING,25.5,-24.0,0.0,0,,MOVING,-30.0,-24.0,0.0,0,,MOVING
640,10.6833,5.5936,-4.5,0.0,0,,MOVING,4.5,-4.4976,0.0,1,AMR_01,WAITING,18.5,-4.5,0.0,0,,MOVING,-10.0,14.5,0.0,0,,MOVING,25.5,-24.0,0.0,0,,MOVING,-30.0,-24.0,0.0,0,,MOVING
641,10.7,5.5936,-4.5,0.0,0,,MOVING,4.5,-4.4976,0.0,1,AMR_01,WAITING,18.5,-4.5,0.0,0,,MOVING,-10.0,14.5,0.0,0,,MOVING,25.5,-24.0,0.0,0,,MOVING,-30.0,-24.0,0.0,0,,MOVING
642,10.7167,5.5936,-4.5,0.0,0,,MOVING,4.5,-4.4976,0.0,1,AMR_01,WAITING,18.5,-4.5,0.0,0,,MOVING,-10.0,14.5,0.0,0,,MOVING,25.5,-24.0,0.0,0,,MOVING,-30.0,-24.0,0.0,0,,MOVING
643,10.7333,5.5936,-4.5,0.0,0,,MOVING,4.5,-4.4976,0.0,1,AMR_01,WAITING,18.5,-4.5,0.0,0,,MOVING,-10.0,14.5,0.0,0,,MOVING,25.5,-24.0,0.0,0,,MOVING,-30.0,-24.0,0.0,0,,MOVING
644,10.75,5.5936,-4.5,0.0,0,,MOVING,4.5,-4.4976,0.0,1,AMR_01,WAITING,18.5,-4.5,0.0,0,,MOVING,-10.0,14.5,0.0,0,,MOVING,25.5,-24.0,0.0,0,,MOVING,-30.0,-24.0,0.0,0,,MOVING
645,10.7667,5.5936,-4.5,0.0,0,,MOVING,4.5,-4.4976,0.0,1,AMR_01,WAITING,18.5,-4.5,0.0,0,,MOVING,-10.0,14.5,0.0,0,,MOVING,25.5,-24.0,0.0,0,,MOVING,-30.0,-24.0,0.0,0,,MOVING
646,10.7833,5.5936,-4.5,0.0,0,,MOVING,4.5,-4.4976,0.0,1,AMR_01,WAITING,18.5,-4.5,0.0,0,,MOVING,-10.0,14.5,0.0,0,,MOVING,25.5,-24.0,0.0,0,,MOVING,-30.0,-24.0,0.0,0,,MOVING
647,10.8,5.5936,-4.5,0.0,0,,MOVING,4.5,-4.4976,0.0,1,AMR_01,WAITING,18.5,-4.5,0.0,0,,MOVING,-10.0,14.5,0.0,0,,MOVING,25.5,-24.0,0.0,0,,MOVING,-30.0,-24.0,0.0,0,,MOVING
648,10.8167,5.5936,-4.5,0.0,0,,MOVING,4.5,-4.4976,0.0,1,AMR_01,WAITING,18.5,-4.5,0.0,0,,MOVING,-10.0,14.5,0.0,0,,MOVING,25.5,-24.0,0.0,0,,MOVING,-30.0,-24.0,0.0,0,,MOVING
649,10.8333,5.5936,-4.5,0.0,0,,MOVING,4.5,-4.4976,0.0,1,AMR_01,WAITING,18.5,-4.5,0.0,0,,MOVING,-10.0,14.5,0.0,0,,MOVING,25.5,-24.0,0.0,0,,MOVING,-30.0,-24.0,0.0,0,,MOVING
650,10.85,5.5936,-4.5,0.0,0,,MOVING,4.5,-4.4976,0.0,1,AMR_01,WAITING,18.5,-4.5,0.0,0,,MOVING,-10.0,14.5,0.0,0,,MOVING,25.5,-24.0,0.0,0,,MOVING,-30.0,-24.0,0.0,0,,MOVING
651,10.8667,5.5936,-4.5,0.0,0,,MOVING,4.5,-4.4976,0.0,1,AMR_01,WAITING,18.5,-4.5,0.0,0,,MOVING,-10.0,14.5,0.0,0,,MOVING,25.5,-24.0,0.0,0,,MOVING,-30.0,-24.0,0.0,0,,MOVING
652,10.8833,5.5936,-4.5,0.0,0,,MOVING,4.5,-4.4976,0.0,1,AMR_01,WAITING,18.5,-4.5,0.0,0,,MOVING,-10.0,14.5,0.0,0,,MOVING,25.5,-24.0,0.0,0,,MOVING,-30.0,-24.0,0.0,0,,MOVING
653,10.9,5.5936,-4.5,0.0,0,,MOVING,4.5,-4.4976,0.0,1,AMR_01,WAITING,18.5,-4.5,0.0,0,,MOVING,-10.0,14.5,0.0,0,,MOVING,25.5,-24.0,0.0,0,,MOVING,-30.0,-24.0,0.0,0,,MOVING
654,10.9167,5.5936,-4.5,0.0,0,,MOVING,4.5,-4.4976,0.0,1,AMR_01,WAITING,18.5,-4.5,0.0,0,,MOVING,-10.0,14.5,0.0,0,,MOVING,25.5,-24.0,0.0,0,,MOVING,-30.0,-24.0,0.0,0,,MOVING
655,10.9333,5.5936,-4.5,0.0,0,,MOVING,4.5,-4.4976,0.0,1,AMR_01,WAITING,18.5,-4.5,0.0,0,,MOVING,-10.0,14.5,0.0,0,,MOVING,25.5,-24.0,0.0,0,,MOVING,-30.0,-24.0,0.0,0,,MOVING
656,10.95,5.5936,-4.5,0.0,0,,MOVING,4.5,-4.4976,0.0,1,AMR_01,WAITING,18.5,-4.5,0.0,0,,MOVING,-10.0,14.5,0.0,0,,MOVING,25.5,-24.0,0.0,0,,MOVING,-30.0,-24.0,0.0,0,,MOVING
657,10.9667,5.5936,-4.5,0.0,0,,MOVING,4.5,-4.4976,0.0,1,AMR_01,WAITING,18.5,-4.5,0.0,0,,MOVING,-10.0,14.5,0.0,0,,MOVING,25.5,-24.0,0.0,0,,MOVING,-30.0,-24.0,0.0,0,,MOVING
658,10.9833,5.5936,-4.5,0.0,0,,MOVING,4.5,-4.4976,0.0,1,AMR_01,WAITING,18.5,-4.5,0.0,0,,MOVING,-10.0,14.5,0.0,0,,MOVING,25.5,-24.0,0.0,0,,MOVING,-30.0,-24.0,0.0,0,,MOVING
659,11.0,5.5936,-4.5,0.0,0,,MOVING,4.5,-4.4976,0.0,1,AMR_01,WAITING,18.5,-4.5,0.0,0,,MOVING,-10.0,14.5,0.0,0,,MOVING,25.5,-24.0,0.0,0,,MOVING,-30.0,-24.0,0.0,0,,MOVING
660,11.0167,5.5936,-4.5,0.0,0,,MOVING,4.5,-4.4976,0.0,1,AMR_01,WAITING,18.5,-4.5,0.0,0,,MOVING,-10.0,14.5,0.0,0,,MOVING,25.5,-24.0,0.0,0,,MOVING,-30.0,-24.0,0.0,0,,MOVING
661,11.0333,5.5936,-4.5,0.0,0,,MOVING,4.5,-4.4976,0.0,1,AMR_01,WAITING,18.5,-4.5,0.0,0,,MOVING,-10.0,14.5,0.0,0,,MOVING,25.5,-24.0,0.0,0,,MOVING,-30.0,-24.0,0.0,0,,MOVING
662,11.05,5.5936,-4.5,0.0,0,,MOVING,4.5,-4.4976,0.0,1,AMR_01,WAITING,18.5,-4.5,0.0,0,,MOVING,-10.0,14.5,0.0,0,,MOVING,25.5,-24.0,0.0,0,,MOVING,-30.0,-24.0,0.0,0,,MOVING
663,11.0667,5.5936,-4.5,0.0,0,,MOVING,4.5,-4.4976,0.0,1,AMR_01,WAITING,18.5,-4.5,0.0,0,,MOVING,-10.0,14.5,0.0,0,,MOVING,25.5,-24.0,0.0,0,,MOVING,-30.0,-24.0,0.0,0,,MOVING
664,11.0833,5.5936,-4.5,0.0,0,,MOVING,4.5,-4.4976,0.0,1,AMR_01,WAITING,18.5,-4.5,0.0,0,,MOVING,-10.0,14.5,0.0,0,,MOVING,25.5,-24.0,0.0,0,,MOVING,-30.0,-24.0,0.0,0,,MOVING
665,11.1,5.5936,-4.5,0.0,0,,MOVING,4.5,-4.4976,0.0,1,AMR_01,WAITING,18.5,-4.5,0.0,0,,MOVING,-10.0,14.5,0.0,0,,MOVING,25.5,-24.0,0.0,0,,MOVING,-30.0,-24.0,0.0,0,,MOVING
666,11.1167,5.5936,-4.5,0.0,0,,MOVING,4.5,-4.4976,0.0,1,AMR_01,WAITING,18.5,-4.5,0.0,0,,MOVING,-10.0,14.5,0.0,0,,MOVING,25.5,-24.0,0.0,0,,MOVING,-30.0,-24.0,0.0,0,,MOVING
667,11.1333,5.5936,-4.5,0.0,0,,MOVING,4.5,-4.4976,0.0,1,AMR_01,WAITING,18.5,-4.5,0.0,0,,MOVING,-10.0,14.5,0.0,0,,MOVING,25.5,-24.0,0.0,0,,MOVING,-30.0,-24.0,0.0,0,,MOVING
668,11.15,5.5936,-4.5,0.0,0,,MOVING,4.5,-4.4976,0.0,1,AMR_01,WAITING,18.5,-4.5,0.0,0,,MOVING,-10.0,14.5,0.0,0,,MOVING,25.5,-24.0,0.0,0,,MOVING,-30.0,-24.0,0.0,0,,MOVING
669,11.1667,5.5936,-4.5,0.0,0,,MOVING,4.5,-4.4976,0.0,1,AMR_01,WAITING,18.5,-4.5,0.0,0,,MOVING,-10.0,14.5,0.0,0,,MOVING,25.5,-24.0,0.0,0,,MOVING,-30.0,-24.0,0.0,0,,MOVING
670,11.1833,5.5936,-4.5,0.0,0,,MOVING,4.5,-4.4976,0.0,1,AMR_01,WAITING,18.5,-4.5,0.0,0,,MOVING,-10.0,14.5,0.0,0,,MOVING,25.5,-24.0,0.0,0,,MOVING,-30.0,-24.0,0.0,0,,MOVING
671,11.2,5.5936,-4.5,0.0,0,,MOVING,4.5,-4.4976,0.0,1,AMR_01,WAITING,18.5,-4.5,0.0,0,,MOVING,-10.0,14.5,0.0,0,,MOVING,25.5,-24.0,0.0,0,,MOVING,-30.0,-24.0,0.0,0,,MOVING
672,11.2167,5.5936,-4.5,0.0,0,,MOVING,4.5,-4.4976,0.0,1,AMR_01,WAITING,18.5,-4.5,0.0,0,,MOVING,-10.0,14.5,0.0,0,,MOVING,25.5,-24.0,0.0,0,,MOVING,-30.0,-24.0,0.0,0,,MOVING
673,11.2333,5.5936,-4.5,0.0,0,,MOVING,4.5,-4.4976,0.0,1,AMR_01,WAITING,18.5,-4.5,0.0,0,,MOVING,-10.0,14.5,0.0,0,,MOVING,25.5,-24.0,0.0,0,,MOVING,-30.0,-24.0,0.0,0,,MOVING
674,11.25,5.5936,-4.5,0.0,0,,MOVING,4.5,-4.4976,0.0,1,AMR_01,WAITING,18.5,-4.5,0.0,0,,MOVING,-10.0,14.5,0.0,0,,MOVING,25.5,-24.0,0.0,0,,MOVING,-30.0,-24.0,0.0,0,,MOVING
675,11.2667,5.5936,-4.5,0.0,0,,MOVING,4.5,-4.4976,0.0,1,AMR_01,WAITING,18.5,-4.5,0.0,0,,MOVING,-10.0,14.5,0.0,0,,MOVING,25.5,-24.0,0.0,0,,MOVING,-30.0,-24.0,0.0,0,,MOVING
676,11.2833,5.5936,-4.5,0.0,0,,MOVING,4.5,-4.4976,0.0,1,AMR_01,WAITING,18.5,-4.5,0.0,0,,MOVING,-10.0,14.5,0.0,0,,MOVING,25.5,-24.0,0.0,0,,MOVING,-30.0,-24.0,0.0,0,,MOVING
677,11.3,5.5863,-4.4934,0.5936,0,,MOVING,4.5,-4.4976,0.0,1,AMR_01,WAITING,18.5,-4.5,0.0,0,,MOVING,-10.0,14.5,0.0,0,,MOVING,25.5,-24.0,0.0,0,,MOVING,-30.0,-24.0,0.0,0,,MOVING
678,11.3167,5.5788,-4.4871,0.5863,0,,MOVING,4.5,-4.4976,0.0,1,AMR_01,WAITING,18.5,-4.5,0.0,0,,MOVING,-10.0,14.5,0.0,0,,MOVING,25.5,-24.0,0.0,0,,MOVING,-30.0,-24.0,0.0,0,,MOVING
679,11.3333,5.5712,-4.4812,0.5789,0,,MOVING,4.5,-4.4976,0.0,1,AMR_01,WAITING,18.5,-4.5,0.0,0,,MOVING,-10.0,14.5,0.0,0,,MOVING,25.5,-24.0,0.0,0,,MOVING,-30.0,-24.0,0.0,0,,MOVING
680,11.35,5.5635,-4.4756,0.5715,0,,MOVING,4.5,-4.4976,0.0,1,AMR_01,WAITING,18.5,-4.5,0.0,0,,MOVING,-10.0,14.5,0.0,0,,MOVING,25.5,-24.0,0.0,0,,MOVING,-30.0,-24.0,0.0,0,,MOVING
681,11.3667,5.5557,-4.4703,0.564,0,,MOVING,4.5,-4.4976,0.0,1,AMR_01,WAITING,18.5,-4.5,0.0,0,,MOVING,-10.0,14.5,0.0,0,,MOVING,25.5,-24.0,0.0,0,,MOVING,-30.0,-24.0,0.0,0,,MOVING
682,11.3833,5.5478,-4.4654,0.5565,0,,MOVING,4.5,-4.4976,0.0,1,AMR_01,WAITING,18.5,-4.5,0.0,0,,MOVING,-10.0,14.5,0.0,0,,MOVING,25.5,-24.0,0.0,0,,MOVING,-30.0,-24.0,0.0,0,,MOVING
683,11.4,5.5399,-4.4608,0.5489,0,,MOVING,4.5,-4.4976,0.0,1,AMR_01,WAITING,18.5,-4.5,0.0,0,,MOVING,-10.0,14.5,0.0,0,,MOVING,25.5,-24.0,0.0,0,,MOVING,-30.0,-24.0,0.0,0,,MOVING
684,11.4167,5.5319,-4.4566,0.5413,0,,MOVING,4.5,-4.4976,0.0,1,AMR_01,WAITING,18.5,-4.5,0.0,0,,MOVING,-10.0,14.5,0.0,0,,MOVING,25.5,-24.0,0.0,0,,MOVING,-30.0,-24.0,0.0,0,,MOVING
685,11.4333,5.5239,-4.4527,0.5337,0,,MOVING,4.5,-4.4976,0.0,1,AMR_01,WAITING,18.5,-4.5,0.0,0,,MOVING,-10.0,14.5,0.0,0,,MOVING,25.5,-24.0,0.0,0,,MOVING,-30.0,-24.0,0.0,0,,MOVING
686,11.45,5.5159,-4.4491,0.5261,0,,MOVING,4.5,-4.4976,0.0,1,AMR_01,WAITING,18.5,-4.5,0.0,0,,MOVING,-10.0,14.5,0.0,0,,MOVING,25.5,-24.0,0.0,0,,MOVING,-30.0,-24.0,0.0,0,,MOVING
687,11.4667,5.5079,-4.4459,0.5184,0,,MOVING,4.5,-4.4976,0.0,1,AMR_01,WAITING,18.5,-4.5,0.0,0,,MOVING,-10.0,14.5,0.0,0,,MOVING,25.5,-24.0,0.0,0,,MOVING,-30.0,-24.0,0.0,0,,MOVING
688,11.4833,5.4999,-4.4429,0.5108,0,,MOVING,4.5,-4.4976,0.0,1,AMR_01,WAITING,18.5,-4.5,0.0,0,,MOVING,-10.0,14.5,0.0,0,,MOVING,25.5,-24.0,0.0,0,,MOVING,-30.0,-24.0,0.0,0,,MOVING
689,11.5,5.492,-4.4403,0.5032,0,,MOVING,4.5,-4.4976,0.0,1,AMR_01,WAITING,18.5,-4.5,0.0,0,,MOVING,-10.0,14.5,0.0,0,,MOVING,25.5,-24.0,0.0,0,,MOVING,-30.0,-24.0,0.0,0,,MOVING
690,11.5167,5.4841,-4.4379,0.4956,0,,MOVING,4.5,-4.4976,0.0,1,AMR_01,WAITING,18.5,-4.5,0.0,0,,MOVING,-10.0,14.5,0.0,0,,MOVING,25.5,-24.0,0.0,0,,MOVING,-30.0,-24.0,0.0,0,,MOVING
691,11.5333,5.4782,-4.4363,0.366,0,,MOVING,4.5,-4.4976,0.0,1,AMR_01,WAITING,18.5,-4.5,0.0,0,,MOVING,-10.0,14.5,0.0,0,,MOVING,25.5,-24.0,0.0,0,,MOVING,-30.0,-24.0,0.0,0,,MOVING
692,11.55,5.4723,-4.4349,0.3618,0,,MOVING,4.5,-4.4976,0.0,1,AMR_01,WAITING,18.5,-4.5,0.0,0,,MOVING,-10.0,14.5,0.0,0,,MOVING,25.5,-24.0,0.0,0,,MOVING,-30.0,-24.0,0.0,0,,MOVING
693,11.5667,5.4665,-4.4337,0.3576,0,,MOVING,4.5,-4.4976,0.0,1,AMR_01,WAITING,18.5,-4.5,0.0,0,,MOVING,-10.0,14.5,0.0,0,,MOVING,25.5,-24.0,0.0,0,,MOVING,-30.0,-24.0,0.0,0,,MOVING
694,11.5833,5.4607,-4.4326,0.3534,0,,MOVING,4.5,-4.4976,0.0,1,AMR_01,WAITING,18.5,-4.5,0.0,0,,MOVING,-10.0,14.5,0.0,0,,MOVING,25.5,-24.0,0.0,0,,MOVING,-30.0,-24.0,0.0,0,,MOVING
695,11.6,5.455,-4.4316,0.3492,0,,MOVING,4.5,-4.4976,0.0,1,AMR_01,WAITING,18.5,-4.5,0.0,0,,MOVING,-10.0,14.5,0.0,0,,MOVING,25.5,-24.0,0.0,0,,MOVING,-30.0,-24.0,0.0,0,,MOVING
696,11.6167,5.4493,-4.4308,0.345,0,,MOVING,4.5,-4.4976,0.0,1,AMR_01,WAITING,18.5,-4.5,0.0,0,,MOVING,-10.0,14.5,0.0,0,,MOVING,25.5,-24.0,0.0,0,,MOVING,-30.0,-24.0,0.0,0,,MOVING
697,11.6333,5.4436,-4.4301,0.3409,0,,MOVING,4.5,-4.4976,0.0,1,AMR_01,WAITING,18.5,-4.5,0.0,0,,MOVING,-10.0,14.5,0.0,0,,MOVING,25.5,-24.0,0.0,0,,MOVING,-30.0,-24.0,0.0,0,,MOVING
698,11.65,5.438,-4.4295,0.3368,0,,MOVING,4.5,-4.4976,0.0,1,AMR_01,WAITING,18.5,-4.5,0.0,0,,MOVING,-10.0,14.5,0.0,0,,MOVING,25.5,-24.0,0.0,0,,MOVING,-30.0,-24.0,0.0,0,,MOVING
699,11.6667,5.4325,-4.429,0.3328,0,,MOVING,4.5,-4.4976,0.0,1,AMR_01,WAITING,18.5,-4.5,0.0,0,,MOVING,-10.0,14.5,0.0,0,,MOVING,25.5,-24.0,0.0,0,,MOVING,-30.0,-24.0,0.0,0,,MOVING
700,11.6833,5.4271,-4.4286,0.3287,0,,MOVING,4.5,-4.4976,0.0,1,AMR_01,WAITING,18.5,-4.5,0.0,0,,MOVING,-10.0,14.5,0.0,0,,MOVING,25.5,-24.0,0.0,0,,MOVING,-30.0,-24.0,0.0,0,,MOVING
701,11.7,5.4216,-4.4283,0.3247,0,,MOVING,4.5,-4.4976,0.0,1,AMR_01,WAITING,18.5,-4.5,0.0,0,,MOVING,-10.0,14.5,0.0,0,,MOVING,25.5,-24.0,0.0,0,,MOVING,-30.0,-24.0,0.0,0,,MOVING
702,11.7167,5.4163,-4.4281,0.3208,0,,MOVING,4.5,-4.4976,0.0,1,AMR_01,WAITING,18.5,-4.5,0.0,0,,MOVING,-10.0,14.5,0.0,0,,MOVING,25.5,-24.0,0.0,0,,MOVING,-30.0,-24.0,0.0,0,,MOVING
703,11.7333,5.4109,-4.4279,0.3253,0,,MOVING,4.5,-4.4976,0.0,1,AMR_01,WAITING,18.5,-4.5,0.0,0,,MOVING,-10.0,14.5,0.0,0,,MOVING,25.5,-24.0,0.0,0,,MOVING,-30.0,-24.0,0.0,0,,MOVING
704,11.75,5.4053,-4.4278,0.3379,0,,MOVING,4.5,-4.4976,0.0,1,AMR_01,WAITING,18.5,-4.5,0.0,0,,MOVING,-10.0,14.5,0.0,0,,MOVING,25.5,-24.0,0.0,0,,MOVING,-30.0,-24.0,0.0,0,,MOVING
705,11.7667,5.3994,-4.4278,0.3487,0,,MOVING,4.5,-4.4976,0.0,1,AMR_01,WAITING,18.5,-4.5,0.0,0,,MOVING,-10.0,14.5,0.0,0,,MOVING,25.5,-24.0,0.0,0,,MOVING,-30.0,-24.0,0.0,0,,MOVING
706,11.7833,5.3935,-4.4279,0.358,0,,MOVING,4.5,-4.4976,0.0,1,AMR_01,WAITING,18.5,-4.5,0.0,0,,MOVING,-10.0,14.5,0.0,0,,MOVING,25.5,-24.0,0.0,0,,MOVING,-30.0,-24.0,0.0,0,,MOVING
707,11.8,5.3874,-4.428,0.3659,0,,MOVING,4.5,-4.4976,0.0,1,AMR_01,WAITING,18.5,-4.5,0.0,0,,MOVING,-10.0,14.5,0.0,0,,MOVING,25.5,-24.0,0.0,0,,MOVING,-30.0,-24.0,0.0,0,,MOVING
708,11.8167,5.3812,-4.4282,0.3724,0,,MOVING,4.5,-4.4976,0.0,1,AMR_01,WAITING,18.5,-4.5,0.0,0,,MOVING,-10.0,14.5,0.0,0,,MOVING,25.5,-24.0,0.0,0,,MOVING,-30.0,-24.0,0.0,0,,MOVING
709,11.8333,5.3749,-4.4285,0.3778,0,,MOVING,4.5,-4.4976,0.0,1,AMR_01,WAITING,18.5,-4.5,0.0,0,,MOVING,-10.0,14.5,0.0,0,,MOVING,25.5,-24.0,0.0,0,,MOVING,-30.0,-24.0,0.0,0,,MOVING
710,11.85,5.3685,-4.4288,0.382,0,,MOVING,4.5,-4.4976,0.0,1,AMR_01,WAITING,18.5,-4.5,0.0,0,,MOVING,-10.0,14.5,0.0,0,,MOVING,25.5,-24.0,0.0,0,,MOVING,-30.0,-24.0,0.0,0,,MOVING
711,11.8667,5.3621,-4.4292,0.3852,0,,MOVING,4.5,-4.4976,0.0,1,AMR_01,WAITING,18.5,-4.5,0.0,0,,MOVING,-10.0,14.5,0.0,0,,MOVING,25.5,-24.0,0.0,0,,MOVING,-30.0,-24.0,0.0,0,,MOVING
712,11.8833,5.3557,-4.4297,0.3875,0,,MOVING,4.5,-4.4976,0.0,1,AMR_01,WAITING,18.5,-4.5,0.0,0,,MOVING,-10.0,14.5,0.0,0,,MOVING,25.5,-24.0,0.0,0,,MOVING,-30.0,-24.0,0.0,0,,MOVING
713,11.9,5.3492,-4.4302,0.389,0,,MOVING,4.5,-4.4976,0.0,1,AMR_01,WAITING,18.5,-4.5,0.0,0,,MOVING,-10.0,14.5,0.0,0,,MOVING,25.5,-24.0,0.0,0,,MOVING,-30.0,-24.0,0.0,0,,MOVING
714,11.9167,5.3427,-4.4308,0.3896,0,,MOVING,4.5,-4.4976,0.0,1,AMR_01,WAITING,18.5,-4.5,0.0,0,,MOVING,-10.0,14.5,0.0,0,,MOVING,25.5,-24.0,0.0,0,,MOVING,-30.0,-24.0,0.0,0,,MOVING
715,11.9333,5.3219,-4.4326,1.2536,0,,MOVING,4.5,-4.4976,0.0,1,AMR_01,WAITING,18.5,-4.5,0.0,0,,MOVING,-10.0,14.5,0.0,0,,MOVING,25.5,-24.0,0.0,0,,MOVING,-30.0,-24.0,0.0,0,,MOVING
716,11.95,5.3016,-4.4343,1.2233,0,,MOVING,4.5,-4.4976,0.0,1,AMR_01,WAITING,18.5,-4.5,0.0,0,,MOVING,-10.0,14.5,0.0,0,,MOVING,25.5,-24.0,0.0,0,,MOVING,-30.0,-24.0,0.0,0,,MOVING
717,11.9667,5.2818,-4.4361,1.1936,0,,MOVING,4.5,-4.4976,0.0,1,AMR_01,WAITING,18.5,-4.5,0.0,0,,MOVING,-10.0,14.5,0.0,0,,MOVING,25.5,-24.0,0.0,0,,MOVING,-30.0,-24.0,0.0,0,,MOVING
718,11.9833,5.2625,-4.4377,1.1646,0,,MOVING,4.5,-4.4976,0.0,1,AMR_01,WAITING,18.5,-4.5,0.0,0,,MOVING,-10.0,14.5,0.0,0,,MOVING,25.5,-24.0,0.0,0,,MOVING,-30.0,-24.0,0.0,0,,MOVING
719,12.0,5.2436,-4.4393,1.1363,0,,MOVING,4.5,-4.4976,0.0,1,AMR_01,WAITING,18.5,-4.5,0.0,0,,MOVING,-10.0,14.5,0.0,0,,MOVING,25.5,-24.0,0.0,0,,MOVING,-30.0,-24.0,0.0,0,,MOVING
720,12.0167,5.2252,-4.4409,1.1086,0,,MOVING,4.5,-4.4976,0.0,1,AMR_01,WAITING,18.5,-4.5,0.0,0,,MOVING,-10.0,14.5,0.0,0,,MOVING,25.5,-24.0,0.0,0,,MOVING,-30.0,-24.0,0.0,0,,MOVING
721,12.0333,5.2072,-4.4424,1.0816,0,,MOVING,4.5,-4.4976,0.0,1,AMR_01,WAITING,18.5,-4.5,0.0,0,,MOVING,-10.0,14.5,0.0,0,,MOVING,25.5,-24.0,0.0,0,,MOVING,-30.0,-24.0,0.0,0,,MOVING
722,12.05,5.1897,-4.4439,1.0552,0,,MOVING,4.5,-4.4976,0.0,1,AMR_01,WAITING,18.5,-4.5,0.0,0,,MOVING,-10.0,14.5,0.0,0,,MOVING,25.5,-24.0,0.0,0,,MOVING,-30.0,-24.0,0.0,0,,MOVING
723,12.0667,5.1726,-4.4454,1.0295,0,,MOVING,4.5,-4.4976,0.0,1,AMR_01,WAITING,18.5,-4.5,0.0,0,,MOVING,-10.0,14.5,0.0,0,,MOVING,25.5,-24.0,0.0,0,,MOVING,-30.0,-24.0,0.0,0,,MOVING
724,12.0833,5.1559,-4.4468,1.0043,0,,MOVING,4.5,-4.4976,0.0,1,AMR_01,WAITING,18.5,-4.5,0.0,0,,MOVING,-10.0,14.5,0.0,0,,MOVING,25.5,-24.0,0.0,0,,MOVING,-30.0,-24.0,0.0,0,,MOVING
725,12.1,5.1396,-4.4481,0.9797,0,,MOVING,4.5,-4.4976,0.0,1,AMR_01,WAITING,18.5,-4.5,0.0,0,,MOVING,-10.0,14.5,0.0,0,,MOVING,25.5,-24.0,0.0,0,,MOVING,-30.0,-24.0,0.0,0,,MOVING
726,12.1167,5.1238,-4.4495,0.9557,0,,MOVING,4.5,-4.4976,0.0,1,AMR_01,WAITING,18.5,-4.5,0.0,0,,MOVING,-10.0,14.5,0.0,0,,MOVING,25.5,-24.0,0.0,0,,MOVING,-30.0,-24.0,0.0,0,,MOVING
727,12.1333,5.1083,-4.4508,0.9323,0,,MOVING,4.5,-4.4976,0.0,1,AMR_01,WAITING,18.5,-4.5,0.0,0,,MOVING,-10.0,14.5,0.0,0,,MOVING,25.5,-24.0,0.0,0,,MOVING,-30.0,-24.0,0.0,0,,MOVING
728,12.15,5.0932,-4.452,0.9094,0,,MOVING,4.5,-4.4976,0.0,1,AMR_01,WAITING,18.5,-4.5,0.0,0,,MOVING,-10.0,14.5,0.0,0,,MOVING,25.5,-24.0,0.0,0,,MOVING,-30.0,-24.0,0.0,0,,MOVING
729,12.1667,5.0785,-4.4533,0.8871,0,,MOVING,4.5,-4.4976,0.0,1,AMR_01,WAITING,18.5,-4.5,0.0,0,,MOVING,-10.0,14.5,0.0,0,,MOVING,25.5,-24.0,0.0,0,,MOVING,-30.0,-24.0,0.0,0,,MOVING
730,12.1833,5.0641,-4.4545,0.8653,0,,MOVING,4.5,-4.4976,0.0,1,AMR_01,WAITING,18.5,-4.5,0.0,0,,MOVING,-10.0,14.5,0.0,0,,MOVING,25.5,-24.0,0.0,0,,MOVING,-30.0,-24.0,0.0,0,,MOVING
731,12.2,5.0501,-4.4556,0.844,0,,MOVING,4.5,-4.4976,0.0,1,AMR_01,WAITING,18.5,-4.5,0.0,0,,MOVING,-10.0,14.5,0.0,0,,MOVING,25.5,-24.0,0.0,0,,MOVING,-30.0,-24.0,0.0,0,,MOVING
732,12.2167,5.0364,-4.4568,0.8232,0,,MOVING,4.5,-4.4976,0.0,1,AMR_01,WAITING,18.5,-4.5,0.0,0,,MOVING,-10.0,14.5,0.0,0,,MOVING,25.5,-24.0,0.0,0,,MOVING,-30.0,-24.0,0.0,0,,MOVING
733,12.2333,5.0231,-4.4579,0.8029,0,,MOVING,4.5,-4.4976,0.0,1,AMR_01,WAITING,18.5,-4.5,0.0,0,,MOVING,-10.0,14.5,0.0,0,,MOVING,25.5,-24.0,0.0,0,,MOVING,-30.0,-24.0,0.0,0,,MOVING
734,12.25,5.01,-4.4589,0.7831,0,,MOVING,4.5,-4.4976,0.0,1,AMR_01,WAITING,18.5,-4.5,0.0,0,,MOVING,-10.0,14.5,0.0,0,,MOVING,25.5,-24.0,0.0,0,,MOVING,-30.0,-24.0,0.0,0,,MOVING
735,12.2667,4.9974,-4.46,0.7638,0,,MOVING,4.5,-4.4976,0.0,1,AMR_01,WAITING,18.5,-4.5,0.0,0,,MOVING,-10.0,14.5,0.0,0,,MOVING,25.5,-24.0,0.0,0,,MOVING,-30.0,-24.0,0.0,0,,MOVING
736,12.2833,4.985,-4.461,0.745,0,,MOVING,4.5,-4.4976,0.0,1,AMR_01,WAITING,18.5,-4.5,0.0,0,,MOVING,-10.0,14.5,0.0,0,,MOVING,25.5,-24.0,0.0,0,,MOVING,-30.0,-24.0,0.0,0,,MOVING
737,12.3,4.9729,-4.462,0.7266,0,,MOVING,4.5,-4.4976,0.0,1,AMR_01,WAITING,18.5,-4.5,0.0,0,,MOVING,-10.0,14.5,0.0,0,,MOVING,25.5,-24.0,0.0,0,,MOVING,-30.0,-24.0,0.0,0,,MOVING
738,12.3167,4.9611,-4.463,0.7086,0,,MOVING,4.5,-4.4976,0.0,1,AMR_01,WAITING,18.5,-4.5,0.0,0,,MOVING,-10.0,14.5,0.0,0,,MOVING,25.5,-24.0,0.0,0,,MOVING,-30.0,-24.0,0.0,0,,MOVING
739,12.3333,4.9497,-4.4639,0.6911,0,,MOVING,4.5,-4.4976,0.0,1,AMR_01,WAITING,18.5,-4.5,0.0,0,,MOVING,-10.0,14.5,0.0,0,,MOVING,25.5,-24.0,0.0,0,,MOVING,-30.0,-24.0,0.0,0,,MOVING
740,12.35,4.9385,-4.4648,0.674,0,,MOVING,4.5,-4.4976,0.0,1,AMR_01,WAITING,18.5,-4.5,0.0,0,,MOVING,-10.0,14.5,0.0,0,,MOVING,25.5,-24.0,0.0,0,,MOVING,-30.0,-24.0,0.0,0,,MOVING
741,12.3667,4.9275,-4.4657,0.6574,0,,MOVING,4.5,-4.4976,0.0,1,AMR_01,WAITING,18.5,-4.5,0.0,0,,MOVING,-10.0,14.5,0.0,0,,MOVING,25.5,-24.0,0.0,0,,MOVING,-30.0,-24.0,0.0,0,,MOVING
742,12.3833,4.9169,-4.4666,0.6411,0,,MOVING,4.5,-4.4976,0.0,1,AMR_01,WAITING,18.5,-4.5,0.0,0,,MOVING,-10.0,14.5,0.0,0,,MOVING,25.5,-24.0,0.0,0,,MOVING,-30.0,-24.0,0.0,0,,MOVING
743,12.4,4.9065,-4.4674,0.6252,0,,MOVING,4.5,-4.4976,0.0,1,AMR_01,WAITING,18.5,-4.5,0.0,0,,MOVING,-10.0,14.5,0.0,0,,MOVING,25.5,-24.0,0.0,0,,MOVING,-30.0,-24.0,0.0,0,,MOVING
744,12.4167,4.8964,-4.4683,0.6097,0,,MOVING,4.5,-4.4976,0.0,1,AMR_01,WAITING,18.5,-4.5,0.0,0,,MOVING,-10.0,14.5,0.0,0,,MOVING,25.5,-24.0,0.0,0,,MOVING,-30.0,-24.0,0.0,0,,MOVING
745,12.4333,4.8865,-4.4691,0.5946,0,,MOVING,4.5,-4.4976,0.0,1,AMR_01,WAITING,18.5,-4.5,0.0,0,,MOVING,-10.0,14.5,0.0,0,,MOVING,25.5,-24.0,0.0,0,,MOVING,-30.0,-24.0,0.0,0,,MOVING
746,12.45,4.8769,-4.4698,0.5799,0,,MOVING,4.5,-4.4976,0.0,1,AMR_01,WAITING,18.5,-4.5,0.0,0,,MOVING,-10.0,14.5,0.0,0,,MOVING,25.5,-24.0,0.0,0,,MOVING,-30.0,-24.0,0.0,0,,MOVING
747,12.4667,4.8675,-4.4706,0.5655,0,,MOVING,4.5,-4.4976,0.0,1,AMR_01,WAITING,18.5,-4.5,0.0,0,,MOVING,-10.0,14.5,0.0,0,,MOVING,25.5,-24.0,0.0,0,,MOVING,-30.0,-24.0,0.0,0,,MOVING
748,12.4833,4.8583,-4.4714,0.5515,0,,MOVING,4.5,-4.4976,0.0,1,AMR_01,WAITING,18.5,-4.5,0.0,0,,MOVING,-10.0,14.5,0.0,0,,MOVING,25.5,-24.0,0.0,0,,MOVING,-30.0,-24.0,0.0,0,,MOVING
749,12.5,4.8494,-4.4721,0.5378,0,,MOVING,4.5,-4.4976,0.0,1,AMR_01,WAITING,18.5,-4.5,0.0,0,,MOVING,-10.0,14.5,0.0,0,,MOVING,25.5,-24.0,0.0,0,,MOVING,-30.0,-24.0,0.0,0,,MOVING
750,12.5167,4.8407,-4.4728,0.5244,0,,MOVING,4.5,-4.4976,0.0,1,AMR_01,WAITING,18.5,-4.5,0.0,0,,MOVING,-10.0,14.5,0.0,0,,MOVING,25.5,-24.0,0.0,0,,MOVING,-30.0,-24.0,0.0,0,,MOVING
751,12.5333,4.822,-4.4742,1.1217,0,,MOVING,4.5,-4.4976,0.0,1,AMR_01,WAITING,18.5,-4.5,0.0,0,,MOVING,-10.0,14.5,0.0,0,,MOVING,25.5,-24.0,0.0,0,,MOVING,-30.0,-24.0,0.0,0,,MOVING
752,12.55,4.8037,-4.4756,1.103,0,,MOVING,4.5,-4.4976,0.0,1,AMR_01,WAITING,18.5,-4.5,0.0,0,,MOVING,-10.0,14.5,0.0,0,,MOVING,25.5,-24.0,0.0,0,,MOVING,-30.0,-24.0,0.0,0,,MOVING
753,12.5667,4.7857,-4.4769,1.0842,0,,MOVING,4.5,-4.4976,0.0,1,AMR_01,WAITING,18.5,-4.5,0.0,0,,MOVING,-10.0,14.5,0.0,0,,MOVING,25.5,-24.0,0.0,0,,MOVING,-30.0,-24.0,0.0,0,,MOVING
754,12.5833,4.768,-4.4781,1.0652,0,,MOVING,4.5,-4.4976,0.0,1,AMR_01,WAITING,18.5,-4.5,0.0,0,,MOVING,-10.0,14.5,0.0,0,,MOVING,25.5,-24.0,0.0,0,,MOVING,-30.0,-24.0,0.0,0,,MOVING
755,12.6,4.7506,-4.4793,1.0462,0,,MOVING,4.5,-4.4976,0.0,1,AMR_01,WAITING,18.5,-4.5,0.0,0,,MOVING,-10.0,14.5,0.0,0,,MOVING,25.5,-24.0,0.0,0,,MOVING,-30.0,-24.0,0.0,0,,MOVING
756,12.6167,4.7335,-4.4803,1.0271,0,,MOVING,4.5,-4.4976,0.0,1,AMR_01,WAITING,18.5,-4.5,0.0,0,,MOVING,-10.0,14.5,0.0,0,,MOVING,25.5,-24.0,0.0,0,,MOVING,-30.0,-24.0,0.0,0,,MOVING
757,12.6333,4.7167,-4.4814,1.0081,0,,MOVING,4.5,-4.4976,0.0,1,AMR_01,WAITING,18.5,-4.5,0.0,0,,MOVING,-10.0,14.5,0.0,0,,MOVING,25.5,-24.0,0.0,0,,MOVING,-30.0,-24.0,0.0,0,,MOVING
758,12.65,4.7003,-4.4823,0.9891,0,,MOVING,4.5,-4.4976,0.0,1,AMR_01,WAITING,18.5,-4.5,0.0,0,,MOVING,-10.0,14.5,0.0,0,,MOVING,25.5,-24.0,0.0,0,,MOVING,-30.0,-24.0,0.0,0,,MOVING
759,12.6667,4.6841,-4.4832,0.9701,0,,MOVING,4.5,-4.4976,0.0,1,AMR_01,WAITING,18.5,-4.5,0.0,0,,MOVING,-10.0,14.5,0.0,0,,MOVING,25.5,-24.0,0.0,0,,MOVING,-30.0,-24.0,0.0,0,,MOVING
760,12.6833,4.6683,-4.4841,0.9512,0,,MOVING,4.5,-4.4976,0.0,1,AMR_01,WAITING,18.5,-4.5,0.0,0,,MOVING,-10.0,14.5,0.0,0,,MOVING,25.5,-24.0,0.0,0,,MOVING,-30.0,-24.0,0.0,0,,MOVING
761,12.7,4.6528,-4.4849,0.9325,0,,MOVING,4.5,-4.4976,0.0,1,AMR_01,WAITING,18.5,-4.5,0.0,0,,MOVING,-10.0,14.5,0.0,0,,MOVING,25.5,-24.0,0.0,0,,MOVING,-30.0,-24.0,0.0,0,,MOVING
762,12.7167,4.6376,-4.4857,0.9139,0,,MOVING,4.5,-4.4976,0.0,1,AMR_01,WAITING,18.5,-4.5,0.0,0,,MOVING,-10.0,14.5,0.0,0,,MOVING,25.5,-24.0,0.0,0,,MOVING,-30.0,-24.0,0.0,0,,MOVING
763,12.7333,4.6226,-4.4864,0.8954,0,,MOVING,4.5,-4.4976,0.0,1,AMR_01,WAITING,18.5,-4.5,0.0,0,,MOVING,-10.0,14.5,0.0,0,,MOVING,25.5,-24.0,0.0,0,,MOVING,-30.0,-24.0,0.0,0,,MOVING
764,12.75,4.608,-4.4871,0.8771,0,,MOVING,4.5,-4.4976,0.0,1,AMR_01,WAITING,18.5,-4.5,0.0,0,,MOVING,-10.0,14.5,0.0,0,,MOVING,25.5,-24.0,0.0,0,,MOVING,-30.0,-24.0,0.0,0,,MOVING
765,12.7667,4.5937,-4.4877,0.859,0,,MOVING,4.5,-4.4976,0.0,1,AMR_01,WAITING,18.5,-4.5,0.0,0,,MOVING,-10.0,14.5,0.0,0,,MOVING,25.5,-24.0,0.0,0,,MOVING,-30.0,-24.0,0.0,0,,MOVING
766,12.7833,4.5797,-4.4883,0.8411,0,,MOVING,4.5,-4.4976,0.0,1,AMR_01,WAITING,18.5,-4.5,0.0,0,,MOVING,-10.0,14.5,0.0,0,,MOVING,25.5,-24.0,0.0,0,,MOVING,-30.0,-24.0,0.0,0,,MOVING
767,12.8,4.566,-4.4889,0.8234,0,,MOVING,4.5,-4.4976,0.0,1,AMR_01,WAITING,18.5,-4.5,0.0,0,,MOVING,-10.0,14.5,0.0,0,,MOVING,25.5,-24.0,0.0,0,,MOVING,-30.0,-24.0,0.0,0,,MOVING
768,12.8167,4.5526,-4.4895,0.8059,0,,MOVING,4.5,-4.4976,0.0,1,AMR_01,WAITING,18.5,-4.5,0.0,0,,MOVING,-10.0,14.5,0.0,0,,MOVING,25.5,-24.0,0.0,0,,MOVING,-30.0,-24.0,0.0,0,,MOVING
769,12.8333,4.5395,-4.49,0.7886,0,,MOVING,4.5,-4.4976,0.0,1,AMR_01,WAITING,18.5,-4.5,0.0,0,,MOVING,-10.0,14.5,0.0,0,,MOVING,25.5,-24.0,0.0,0,,MOVING,-30.0,-24.0,0.0,0,,MOVING
770,12.85,4.5266,-4.4905,0.7716,0,,MOVING,4.5,-4.4976,0.0,1,AMR_01,WAITING,18.5,-4.5,0.0,0,,MOVING,-10.0,14.5,0.0,0,,MOVING,25.5,-24.0,0.0,0,,MOVING,-30.0,-24.0,0.0,0,,MOVING
771,12.8667,4.5141,-4.4909,0.7548,0,,MOVING,4.5,-4.4976,0.0,1,AMR_01,WAITING,18.5,-4.5,0.0,0,,MOVING,-10.0,14.5,0.0,0,,MOVING,25.5,-24.0,0.0,0,,MOVING,-30.0,-24.0,0.0,0,,MOVING
772,12.8833,4.5018,-4.4913,0.7383,0,,MOVING,4.5,-4.4976,0.0,1,AMR_01,WAITING,18.5,-4.5,0.0,0,,MOVING,-10.0,14.5,0.0,0,,MOVING,25.5,-24.0,0.0,0,,MOVING,-30.0,-24.0,0.0,0,,MOVING
773,12.9,4.4897,-4.4918,0.7221,0,,MOVING,4.5,-4.4976,0.0,1,AMR_01,WAITING,18.5,-4.5,0.0,0,,MOVING,-10.0,14.5,0.0,0,,MOVING,25.5,-24.0,0.0,0,,MOVING,-30.0,-24.0,0.0,0,,MOVING
774,12.9167,4.478,-4.4921,0.7061,0,,MOVING,4.5,-4.4976,0.0,1,AMR_01,WAITING,18.5,-4.5,0.0,0,,MOVING,-10.0,14.5,0.0,0,,MOVING,25.5,-24.0,0.0,0,,MOVING,-30.0,-24.0,0.0,0,,MOVING
775,12.9333,4.4665,-4.4925,0.6903,0,,MOVING,4.5,-4.4976,0.0,1,AMR_01,WAITING,18.5,-4.5,0.0,0,,MOVING,-10.0,14.5,0.0,0,,MOVING,25.5,-24.0,0.0,0,,MOVING,-30.0,-24.0,0.0,0,,MOVING
776,12.95,4.4552,-4.4928,0.6748,0,,MOVING,4.5,-4.4976,0.0,1,AMR_01,WAITING,18.5,-4.5,0.0,0,,MOVING,-10.0,14.5,0.0,0,,MOVING,25.5,-24.0,0.0,0,,MOVING,-30.0,-24.0,0.0,0,,MOVING
777,12.9667,4.4442,-4.4932,0.6596,0,,MOVING,4.5,-4.4976,0.0,1,AMR_01,WAITING,18.5,-4.5,0.0,0,,MOVING,-10.0,14.5,0.0,0,,MOVING,25.5,-24.0,0.0,0,,MOVING,-30.0,-24.0,0.0,0,,MOVING
778,12.9833,4.4335,-4.4935,0.6447,0,,MOVING,4.5,-4.4976,0.0,1,AMR_01,WAITING,18.5,-4.5,0.0,0,,MOVING,-10.0,14.5,0.0,0,,MOVING,25.5,-24.0,0.0,0,,MOVING,-30.0,-24.0,0.0,0,,MOVING
779,13.0,4.423,-4.4938,0.63,0,,MOVING,4.5,-4.4976,0.0,1,AMR_01,WAITING,18.5,-4.5,0.0,0,,MOVING,-10.0,14.5,0.0,0,,MOVING,25.5,-24.0,0.0,0,,MOVING,-30.0,-24.0,0.0,0,,MOVING
780,13.0167,4.4127,-4.494,0.6156,0,,MOVING,4.5,-4.4976,0.0,1,AMR_01,WAITING,18.5,-4.5,0.0,0,,MOVING,-10.0,14.5,0.0,0,,MOVING,25.5,-24.0,0.0,0,,MOVING,-30.0,-24.0,0.0,0,,MOVING
781,13.0333,4.4027,-4.4943,0.6015,0,,MOVING,4.5,-4.4976,0.0,1,AMR_01,WAITING,18.5,-4.5,0.0,0,,MOVING,-10.0,14.5,0.0,0,,MOVING,25.5,-24.0,0.0,0,,MOVING,-30.0,-24.0,0.0,0,,MOVING
782,13.05,4.3929,-4.4946,0.5876,0,,MOVING,4.5,-4.4976,0.0,1,AMR_01,WAITING,18.5,-4.5,0.0,0,,MOVING,-10.0,14.5,0.0,0,,MOVING,25.5,-24.0,0.0,0,,MOVING,-30.0,-24.0,0.0,0,,MOVING
783,13.0667,4.3834,-4.4948,0.5741,0,,MOVING,4.5,-4.4976,0.0,1,AMR_01,WAITING,18.5,-4.5,0.0,0,,MOVING,-10.0,14.5,0.0,0,,MOVING,25.5,-24.0,0.0,0,,MOVING,-30.0,-24.0,0.0,0,,MOVING
784,13.0833,4.374,-4.495,0.5607,0,,MOVING,4.5,-4.4976,0.0,1,AMR_01,WAITING,18.5,-4.5,0.0,0,,MOVING,-10.0,14.5,0.0,0,,MOVING,25.5,-24.0,0.0,0,,MOVING,-30.0,-24.0,0.0,0,,MOVING
785,13.1,4.3649,-4.4952,0.5477,0,,MOVING,4.5,-4.4976,0.0,1,AMR_01,WAITING,18.5,-4.5,0.0,0,,MOVING,-10.0,14.5,0.0,0,,MOVING,25.5,-24.0,0.0,0,,MOVING,-30.0,-24.0,0.0,0,,MOVING
786,13.1167,4.356,-4.4954,0.5349,0,,MOVING,4.5,-4.4976,0.0,1,AMR_01,WAITING,18.5,-4.5,0.0,0,,MOVING,-10.0,14.5,0.0,0,,MOVING,25.5,-24.0,0.0,0,,MOVING,-30.0,-24.0,0.0,0,,MOVING
787,13.1333,4.3473,-4.4956,0.5223,0,,MOVING,4.5,-4.4976,0.0,1,AMR_01,WAITING,18.5,-4.5,0.0,0,,MOVING,-10.0,14.5,0.0,0,,MOVING,25.5,-24.0,0.0,0,,MOVING,-30.0,-24.0,0.0,0,,MOVING
788,13.15,4.3269,-4.496,1.2226,0,,MOVING,4.5,-4.4976,0.0,1,AMR_01,WAITING,18.5,-4.5,0.0,0,,MOVING,-10.0,14.5,0.0,0,,MOVING,25.5,-24.0,0.0,0,,MOVING,-30.0,-24.0,0.0,0,,MOVING
789,13.1667,4.307,-4.4964,1.1953,0,,MOVING,4.5,-4.4976,0.0,1,AMR_01,WAITING,18.5,-4.5,0.0,0,,MOVING,-10.0,14.5,0.0,0,,MOVING,25.5,-24.0,0.0,0,,MOVING,-30.0,-24.0,0.0,0,,MOVING
790,13.1833,4.2875,-4.4968,1.1684,0,,MOVING,4.5,-4.4976,0.0,1,AMR_01,WAITING,18.5,-4.5,0.0,0,,MOVING,-10.0,14.5,0.0,0,,MOVING,25.5,-24.0,0.0,0,,MOVING,-30.0,-24.0,0.0,0,,MOVING
791,13.2,4.2685,-4.4971,1.142,0,,MOVING,4.5,-4.4976,0.0,1,AMR_01,WAITING,18.5,-4.5,0.0,0,,MOVING,-10.0,14.5,0.0,0,,MOVING,25.5,-24.0,0.0,0,,MOVING,-30.0,-24.0,0.0,0,,MOVING
792,13.2167,4.2499,-4.4974,1.1161,0,,MOVING,4.5,-4.4976,0.0,1,AMR_01,WAITING,18.5,-4.5,0.0,0,,MOVING,-10.0,14.5,0.0,0,,MOVING,25.5,-24.0,0.0,0,,MOVING,-30.0,-24.0,0.0,0,,MOVING
793,13.2333,4.2317,-4.4977,1.0906,0,,MOVING,4.5,-4.4976,0.0,1,AMR_01,WAITING,18.5,-4.5,0.0,0,,MOVING,-10.0,14.5,0.0,0,,MOVING,25.5,-24.0,0.0,0,,MOVING,-30.0,-24.0,0.0,0,,MOVING
794,13.25,4.214,-4.498,1.0656,0,,MOVING,4.5,-4.4976,0.0,1,AMR_01,WAITING,18.5,-4.5,0.0,0,,MOVING,-10.0,14.5,0.0,0,,MOVING,25.5,-24.0,0.0,0,,MOVING,-30.0,-24.0,0.0,0,,MOVING
795,13.2667,4.1966,-4.4982,1.0411,0,,MOVING,4.5,-4.4976,0.0,1,AMR_01,WAITING,18.5,-4.5,0.0,0,,MOVING,-10.0,14.5,0.0,0,,MOVING,25.5,-24.0,0.0,0,,MOVING,-30.0,-24.0,0.0,0,,MOVING
796,13.2833,4.1797,-4.4985,1.0171,0,,MOVING,4.5,-4.4976,0.0,1,AMR_01,WAITING,18.5,-4.5,0.0,0,,MOVING,-10.0,14.5,0.0,0,,MOVING,25.5,-24.0,0.0,0,,MOVING,-30.0,-24.0,0.0,0,,MOVING
797,13.3,4.1631,-4.4987,0.9935,0,,MOVING,4.5,-4.4976,0.0,1,AMR_01,WAITING,18.5,-4.5,0.0,0,,MOVING,-10.0,14.5,0.0,0,,MOVING,25.5,-24.0,0.0,0,,MOVING,-30.0,-24.0,0.0,0,,MOVING
798,13.3167,4.1469,-4.4989,0.9704,0,,MOVING,4.5,-4.4976,0.0,1,AMR_01,WAITING,18.5,-4.5,0.0,0,,MOVING,-10.0,14.5,0.0,0,,MOVING,25.5,-24.0,0.0,0,,MOVING,-30.0,-24.0,0.0,0,,MOVING
799,13.3333,4.1311,-4.499,0.9478,0,,MOVING,4.5,-4.4976,0.0,1,AMR_01,WAITING,18.5,-4.5,0.0,0,,MOVING,-10.0,14.5,0.0,0,,MOVING,25.5,-24.0,0.0,0,,MOVING,-30.0,-24.0,0.0,0,,MOVING
800,13.35,4.1157,-4.4992,0.9256,0,,MOVING,4.5,-4.4976,0.0,1,AMR_01,WAITING,18.5,-4.5,0.0,0,,MOVING,-10.0,14.5,0.0,0,,MOVING,25.5,-24.0,0.0,0,,MOVING,-30.0,-24.0,0.0,0,,MOVING
801,13.3667,4.1006,-4.4994,0.9039,0,,MOVING,4.5,-4.4976,0.0,1,AMR_01,WAITING,18.5,-4.5,0.0,0,,MOVING,-10.0,14.5,0.0,0,,MOVING,25.5,-24.0,0.0,0,,MOVING,-30.0,-24.0,0.0,0,,MOVING
802,13.3833,4.0859,-4.4995,0.8826,0,,MOVING,4.5,-4.4976,0.0,1,AMR_01,WAITING,18.5,-4.5,0.0,0,,MOVING,-10.0,14.5,0.0,0,,MOVING,25.5,-24.0,0.0,0,,MOVING,-30.0,-24.0,0.0,0,,MOVING
803,13.4,4.0716,-4.4996,0.8617,0,,MOVING,4.5,-4.4976,0.0,1,AMR_01,WAITING,18.5,-4.5,0.0,0,,MOVING,-10.0,14.5,0.0,0,,MOVING,25.5,-24.0,0.0,0,,MOVING,-30.0,-24.0,0.0,0,,MOVING
804,13.4167,4.0576,-4.4997,0.8413,0,,MOVING,4.5,-4.4976,0.0,1,AMR_01,WAITING,18.5,-4.5,0.0,0,,MOVING,-10.0,14.5,0.0,0,,MOVING,25.5,-24.0,0.0,0,,MOVING,-30.0,-24.0,0.0,0,,MOVING
805,13.4333,4.0439,-4.4998,0.8214,0,,MOVING,4.5,-4.4976,0.0,1,AMR_01,WAITING,18.5,-4.5,0.0,0,,MOVING,-10.0,14.5,0.0,0,,MOVING,25.5,-24.0,0.0,0,,MOVING,-30.0,-24.0,0.0,0,,MOVING
806,13.45,4.0305,-4.4999,0.8018,0,,MOVING,4.5,-4.4976,0.0,1,AMR_01,WAITING,18.5,-4.5,0.0,0,,MOVING,-10.0,14.5,0.0,0,,MOVING,25.5,-24.0,0.0,0,,MOVING,-30.0,-24.0,0.0,0,,MOVING
807,13.4667,4.0175,-4.5,0.7827,0,,MOVING,4.5,-4.4976,0.0,1,AMR_01,WAITING,18.5,-4.5,0.0,0,,MOVING,-10.0,14.5,0.0,0,,MOVING,25.5,-24.0,0.0,0,,MOVING,-30.0,-24.0,0.0,0,,MOVING
808,13.4833,4.0047,-4.5001,0.764,0,,MOVING,4.5,-4.4976,0.0,1,AMR_01,WAITING,18.5,-4.5,0.0,0,,MOVING,-10.0,14.5,0.0,0,,MOVING,25.5,-24.0,0.0,0,,MOVING,-30.0,-24.0,0.0,0,,MOVING
809,13.5,3.9923,-4.5002,0.7457,0,,MOVING,4.5,-4.4976,0.0,1,AMR_01,WAITING,18.5,-4.5,0.0,0,,MOVING,-10.0,14.5,0.0,0,,MOVING,25.5,-24.0,0.0,0,,MOVING,-30.0,-24.0,0.0,0,,MOVING
810,13.5167,3.9802,-4.5002,0.7278,0,,MOVING,4.5,-4.4976,0.0,1,AMR_01,WAITING,18.5,-4.5,0.0,0,,MOVING,-10.0,14.5,0.0,0,,MOVING,25.5,-24.0,0.0,0,,MOVING,-30.0,-24.0,0.0,0,,MOVING
811,13.5333,3.9683,-4.5003,0.7104,0,,MOVING,4.5,-4.4976,0.0,1,AMR_01,WAITING,18.5,-4.5,0.0,0,,MOVING,-10.0,14.5,0.0,0,,MOVING,25.5,-24.0,0.0,0,,MOVING,-30.0,-24.0,0.0,0,,MOVING
812,13.55,3.9568,-4.5004,0.6933,0,,MOVING,4.5,-4.4976,0.0,1,AMR_01,WAITING,18.5,-4.5,0.0,0,,MOVING,-10.0,14.5,0.0,0,,MOVING,25.5,-24.0,0.0,0,,MOVING,-30.0,-24.0,0.0,0,,MOVING
813,13.5667,3.9455,-4.5004,0.6765,0,,MOVING,4.5,-4.4976,0.0,1,AMR_01,WAITING,18.5,-4.5,0.0,0,,MOVING,-10.0,14.5,0.0,0,,MOVING,25.5,-24.0,0.0,0,,MOVING,-30.0,-24.0,0.0,0,,MOVING
814,13.5833,3.9345,-4.5005,0.6602,0,,MOVING,4.5,-4.4976,0.0,1,AMR_01,WAITING,18.5,-4.5,0.0,0,,MOVING,-10.0,14.5,0.0,0,,MOVING,25.5,-24.0,0.0,0,,MOVING,-30.0,-24.0,0.0,0,,MOVING
815,13.6,3.9238,-4.5005,0.6442,0,,MOVING,4.5,-4.4976,0.0,1,AMR_01,WAITING,18.5,-4.5,0.0,0,,MOVING,-10.0,14.5,0.0,0,,MOVING,25.5,-24.0,0.0,0,,MOVING,-30.0,-24.0,0.0,0,,MOVING
816,13.6167,3.9133,-4.5005,0.6286,0,,MOVING,4.5,-4.4976,0.0,1,AMR_01,WAITING,18.5,-4.5,0.0,0,,MOVING,-10.0,14.5,0.0,0,,MOVING,25.5,-24.0,0.0,0,,MOVING,-30.0,-24.0,0.0,0,,MOVING
817,13.6333,3.9031,-4.5006,0.6134,0,,MOVING,4.5,-4.4976,0.0,1,AMR_01,WAITING,18.5,-4.5,0.0,0,,MOVING,-10.0,14.5,0.0,0,,MOVING,25.5,-24.0,0.0,0,,MOVING,-30.0,-24.0,0.0,0,,MOVING
818,13.65,3.8931,-4.5006,0.5985,0,,MOVING,4.5,-4.4976,0.0,1,AMR_01,WAITING,18.5,-4.5,0.0,0,,MOVING,-10.0,14.5,0.0,0,,MOVING,25.5,-24.0,0.0,0,,MOVING,-30.0,-24.0,0.0,0,,MOVING
819,13.6667,3.8833,-4.5006,0.5839,0,,MOVING,4.5,-4.4976,0.0,1,AMR_01,WAITING,18.5,-4.5,0.0,0,,MOVING,-10.0,14.5,0.0,0,,MOVING,25.5,-24.0,0.0,0,,MOVING,-30.0,-24.0,0.0,0,,MOVING
820,13.6833,3.8738,-4.5006,0.5697,0,,MOVING,4.5,-4.4976,0.0,1,AMR_01,WAITING,18.5,-4.5,0.0,0,,MOVING,-10.0,14.5,0.0,0,,MOVING,25.5,-24.0,0.0,0,,MOVING,-30.0,-24.0,0.0,0,,MOVING
821,13.7,3.8646,-4.5006,0.5558,0,,MOVING,4.5,-4.4976,0.0,1,AMR_01,WAITING,18.5,-4.5,0.0,0,,MOVING,-10.0,14.5,0.0,0,,MOVING,25.5,-24.0,0.0,0,,MOVING,-30.0,-24.0,0.0,0,,MOVING
822,13.7167,3.8555,-4.5007,0.5423,0,,MOVING,4.5,-4.4976,0.0,1,AMR_01,WAITING,18.5,-4.5,0.0,0,,MOVING,-10.0,14.5,0.0,0,,MOVING,25.5,-24.0,0.0,0,,MOVING,-30.0,-24.0,0.0,0,,MOVING
823,13.7333,3.8467,-4.5007,0.529,0,,MOVING,4.5,-4.4976,0.0,1,AMR_01,WAITING,18.5,-4.5,0.0,0,,MOVING,-10.0,14.5,0.0,0,,MOVING,25.5,-24.0,0.0,0,,MOVING,-30.0,-24.0,0.0,0,,MOVING
824,13.75,3.8257,-4.5007,1.2636,0,,MOVING,4.5,-4.4976,0.0,1,AMR_01,WAITING,18.5,-4.5,0.0,0,,MOVING,-10.0,14.5,0.0,0,,MOVING,25.5,-24.0,0.0,0,,MOVING,-30.0,-24.0,0.0,0,,MOVING
825,13.7667,3.8051,-4.5007,1.2324,0,,MOVING,4.5,-4.4976,0.0,1,AMR_01,WAITING,18.5,-4.5,0.0,0,,MOVING,-10.0,14.5,0.0,0,,MOVING,25.5,-24.0,0.0,0,,MOVING,-30.0,-24.0,0.0,0,,MOVING
826,13.7833,3.7851,-4.5007,1.202,0,,MOVING,4.5,-4.4976,0.0,1,AMR_01,WAITING,18.5,-4.5,0.0,0,,MOVING,-10.0,14.5,0.0,0,,MOVING,25.5,-24.0,0.0,0,,MOVING,-30.0,-24.0,0.0,0,,MOVING
827,13.8,3.7656,-4.5008,1.1724,0,,MOVING,4.5,-4.4976,0.0,1,AMR_01,WAITING,18.5,-4.5,0.0,0,,MOVING,-10.0,14.5,0.0,0,,MOVING,25.5,-24.0,0.0,0,,MOVING,-30.0,-24.0,0.0,0,,MOVING
828,13.8167,3.7465,-4.5008,1.1434,0,,MOVING,4.5,-4.4976,0.0,1,AMR_01,WAITING,18.5,-4.5,0.0,0,,MOVING,-10.0,14.5,0.0,0,,MOVING,25.5,-24.0,0.0,0,,MOVING,-30.0,-24.0,0.0,0,,MOVING
829,13.8333,3.7279,-4.5008,1.1151,0,,MOVING,4.5,-4.4976,0.0,1,AMR_01,WAITING,18.5,-4.5,0.0,0,,MOVING,-10.0,14.5,0.0,0,,MOVING,25.5,-24.0,0.0,0,,MOVING,-30.0,-24.0,0.0,0,,MOVING
830,13.85,3.7098,-4.5008,1.0876,0,,MOVING,4.5,-4.4976,0.0,1,AMR_01,WAITING,18.5,-4.5,0.0,0,,MOVING,-10.0,14.5,0.0,0,,MOVING,25.5,-24.0,0.0,0,,MOVING,-30.0,-24.0,0.0,0,,MOVING
831,13.8667,3.6921,-4.5008,1.0607,0,,MOVING,4.5,-4.4976,0.0,1,AMR_01,WAITING,18.5,-4.5,0.0,0,,MOVING,-10.0,14.5,0.0,0,,MOVING,25.5,-24.0,0.0,0,,MOVING,-30.0,-24.0,0.0,0,,MOVING
832,13.8833,3.6749,-4.5008,1.0344,0,,MOVING,4.5,-4.4976,0.0,1,AMR_01,WAITING,18.5,-4.5,0.0,0,,MOVING,-10.0,14.5,0.0,0,,MOVING,25.5,-24.0,0.0,0,,MOVING,-30.0,-24.0,0.0,0,,MOVING
833,13.9,3.6581,-4.5008,1.0088,0,,MOVING,4.5,-4.4976,0.0,1,AMR_01,WAITING,18.5,-4.5,0.0,0,,MOVING,-10.0,14.5,0.0,0,,MOVING,25.5,-24.0,0.0,0,,MOVING,-30.0,-24.0,0.0,0,,MOVING
834,13.9167,3.6417,-4.5008,0.9838,0,,MOVING,4.5,-4.4976,0.0,1,AMR_01,WAITING,18.5,-4.5,0.0,0,,MOVING,-10.0,14.5,0.0,0,,MOVING,25.5,-24.0,0.0,0,,MOVING,-30.0,-24.0,0.0,0,,MOVING
835,13.9333,3.6257,-4.5008,0.9594,0,,MOVING,4.5,-4.4976,0.0,1,AMR_01,WAITING,18.5,-4.5,0.0,0,,MOVING,-10.0,14.5,0.0,0,,MOVING,25.5,-24.0,0.0,0,,MOVING,-30.0,-24.0,0.0,0,,MOVING
836,13.95,3.6101,-4.5008,0.9357,0,,MOVING,4.5,-4.4976,0.0,1,AMR_01,WAITING,18.5,-4.5,0.0,0,,MOVING,-10.0,14.5,0.0,0,,MOVING,25.5,-24.0,0.0,0,,MOVING,-30.0,-24.0,0.0,0,,MOVING
837,13.9667,3.5949,-4.5008,0.9125,0,,MOVING,4.5,-4.4976,0.0,1,AMR_01,WAITING,18.5,-4.5,0.0,0,,MOVING,-10.0,14.5,0.0,0,,MOVING,25.5,-24.0,0.0,0,,MOVING,-30.0,-24.0,0.0,0,,MOVING
838,13.9833,3.58,-4.5008,0.8898,0,,MOVING,4.5,-4.4976,0.0,1,AMR_01,WAITING,18.5,-4.5,0.0,0,,MOVING,-10.0,14.5,0.0,0,,MOVING,25.5,-24.0,0.0,0,,MOVING,-30.0,-24.0,0.0,0,,MOVING
839,14.0,3.5656,-4.5008,0.8677,0,,MOVING,4.5,-4.4976,0.0,1,AMR_01,WAITING,18.5,-4.5,0.0,0,,MOVING,-10.0,14.5,0.0,0,,MOVING,25.5,-24.0,0.0,0,,MOVING,-30.0,-24.0,0.0,0,,MOVING
